StartDate,EndDate,Status,IPAddress,Progress,Duration (in seconds),Finished,RecordedDate,ResponseId,RecipientLastName,RecipientFirstName,RecipientEmail,ExternalReference,LocationLatitude,LocationLongitude,DistributionChannel,UserLanguage,Q119,CheckQ1,CheckQ1Again,CheckQ2,CheckQ2Again,CheckQ3,CheckQ3Again,Catch,1_LorRB1,1_VividB1_1,1_QuestionB1_1,1_ConfidenceB1_1,2_LorRB1,2_VividB1_1,2_QuestionB1_1,2_ConfidenceB1_1,3_LorRB1,3_VividB1_1,3_QuestionB1_1,3_ConfidenceB1_1,4_LorRB1,4_VividB1_1,4_QuestionB1_1,4_ConfidenceB1_1,5_LorRB1,5_VividB1_1,5_QuestionB1_1,5_ConfidenceB1_1,6_LorRB1,6_VividB1_1,6_QuestionB1_1,6_ConfidenceB1_1,7_LorRB1,7_VividB1_1,7_QuestionB1_1,7_ConfidenceB1_1,8_LorRB1,8_VividB1_1,8_QuestionB1_1,8_ConfidenceB1_1,9_LorRB1,9_VividB1_1,9_QuestionB1_1,9_ConfidenceB1_1,10_LorRB1,10_VividB1_1,10_QuestionB1_1,10_ConfidenceB1_1,11_LorRB1,11_VividB1_1,11_QuestionB1_1,11_ConfidenceB1_1,12_LorRB1,12_VividB1_1,12_QuestionB1_1,12_ConfidenceB1_1,1_LorRB2,1_VividB2_1,1_QuestionB2_1,1_ConfidenceB2_1,2_LorRB2,2_VividB2_1,2_QuestionB2_1,2_ConfidenceB2_1,3_LorRB2,3_VividB2_1,3_QuestionB2_1,3_ConfidenceB2_1,4_LorRB2,4_VividB2_1,4_QuestionB2_1,4_ConfidenceB2_1,5_LorRB2,5_VividB2_1,5_QuestionB2_1,5_ConfidenceB2_1,6_LorRB2,6_VividB2_1,6_QuestionB2_1,6_ConfidenceB2_1,7_LorRB2,7_VividB2_1,7_QuestionB2_1,7_ConfidenceB2_1,8_LorRB2,8_VividB2_1,8_QuestionB2_1,8_ConfidenceB2_1,9_LorRB2,9_VividB2_1,9_QuestionB2_1,9_ConfidenceB2_1,10_LorRB2,10_VividB2_1,10_QuestionB2_1,10_ConfidenceB2_1,11_LorRB2,11_VividB2_1,11_QuestionB2_1,11_ConfidenceB2_1,12_LorRB2,12_VividB2_1,12_QuestionB2_1,12_ConfidenceB2_1,1_LorRB3,1_VividB3_1,1_QuestionB3_1,1_ConfidenceB3_1,2_LorRB3,2_VividB3_1,2_QuestionB3_1,2_ConfidenceB3_1,3_LorRB3,3_VividB3_1,3_QuestionB3_1,3_ConfidenceB3_1,4_LorRB3,4_VividB3_1,4_QuestionB3_1,4_ConfidenceB3_1,5_LorRB3,5_VividB3_1,5_QuestionB3_1,5_ConfidenceB3_1,6_LorRB3,6_VividB3_1,6_QuestionB3_1,6_ConfidenceB3_1,7_LorRB3,7_VividB3_1,7_QuestionB3_1,7_ConfidenceB3_1,8_LorRB3,8_VividB3_1,8_QuestionB3_1,8_ConfidenceB3_1,9_LorRB3,9_VividB3_1,9_QuestionB3_1,9_ConfidenceB3_1,10_LorRB3,10_VividB3_1,10_QuestionB3_1,10_ConfidenceB3_1,11_LorRB3,11_VividB3_1,11_QuestionB3_1,11_ConfidenceB3_1,12_LorRB3,12_VividB3_1,12_QuestionB3_1,12_ConfidenceB3_1,1_LorRB4,1_VividB4_1,1_QuestionB4_1,1_ConfidentB4_1,2_LorRB4,2_VividB4_1,2_QuestionB4_1,2_ConfidentB4_1,3_LorRB4,3_VividB4_1,3_QuestionB4_1,3_ConfidentB4_1,4_LorRB4,4_VividB4_1,4_QuestionB4_1,4_ConfidentB4_1,5_LorRB4,5_VividB4_1,5_QuestionB4_1,5_ConfidentB4_1,6_LorRB4,6_VividB4_1,6_QuestionB4_1,6_ConfidentB4_1,7_LorRB4,7_VividB4_1,7_QuestionB4_1,7_ConfidentB4_1,8_LorRB4,8_VividB4_1,8_QuestionB4_1,8_ConfidentB4_1,9_LorRB4,9_VividB4_1,9_QuestionB4_1,9_ConfidentB4_1,10_LorRB4,10_VividB4_1,10_QuestionB4_1,10_ConfidentB4_1,11_LorRB4,11_VividB4_1,11_QuestionB4_1,11_ConfidentB4_1,12_LorRB4,12_VividB4_1,12_QuestionB4_1,12_ConfidentB4_1,Gender,Gender_4_TEXT,Age,Hispanic?,Race,Race_7_TEXT,Education,AttnCheck,Feedback,Condition,Display,RandomID
Start Date,End Date,Response Type,IP Address,Progress,Duration (in seconds),Finished,Recorded Date,Response ID,Recipient Last Name,Recipient First Name,Recipient Email,External Data Reference,Location Latitude,Location Longitude,Distribution Channel,User Language,Please select one of the following:,"So, for example, if you see the prompt ""Remember,"" what are you supposed to do?","If you see the prompt ""Remember,"" what are you supposed to do?","If you see the prompt ""What if?,"" what are you supposed to do?","If you see the prompt ""What if?,"" what are you supposed to do?","If you see the prompt ""Cause,"" what are you supposed to do?","If you see the prompt ""Cause,"" what are you supposed to do?","Do you understand? If so, please select the option that is underlined to get started.",Score - Take your shot!,[Field-6] - Score - ${lm://Field/6},[Field-3] - Score - ${lm://Field/3},How confident are you in your response? - Score - How confident are you in your response?,Score - Take your shot!,[Field-6] - Score - ${lm://Field/6},[Field-3] - Score - ${lm://Field/3},How confident are you in your response? - Score - How confident are you in your response?,Score - Take your shot!,[Field-6] - Score - ${lm://Field/6},[Field-3] - Score - ${lm://Field/3},How confident are you in your response? - Score - How confident are you in your response?,Miss - Take your shot!,[Field-6] - Miss - ${lm://Field/6},[Field-3] - Miss - ${lm://Field/3},How confident are you in your response? - Miss - How confident are you in your response?,Miss - Take your shot!,[Field-6] - Miss - ${lm://Field/6},[Field-3] - Miss - ${lm://Field/3},How confident are you in your response? - Miss - How confident are you in your response?,Miss - Take your shot!,[Field-6] - Miss - ${lm://Field/6},[Field-3] - Miss - ${lm://Field/3},How confident are you in your response? - Miss - How confident are you in your response?,Score - Take your shot!,[Field-6] - Score - ${lm://Field/6},[Field-3] - Score - ${lm://Field/3},How confident are you in your response? - Score - How confident are you in your response?,Score - Take your shot!,[Field-6] - Score - ${lm://Field/6},[Field-3] - Score - ${lm://Field/3},How confident are you in your response? - Score - How confident are you in your response?,Score - Take your shot!,[Field-6] - Score - ${lm://Field/6},[Field-3] - Score - ${lm://Field/3},How confident are you in your response? - Score - How confident are you in your response?,Miss - Take your shot!,[Field-6] - Miss - ${lm://Field/6},[Field-3] - Miss - ${lm://Field/3},How confident are you in your response? - Miss - How confident are you in your response?,Miss - Take your shot!,[Field-6] - Miss - ${lm://Field/6},[Field-3] - Miss - ${lm://Field/3},How confident are you in your response? - Miss - How confident are you in your response?,Miss - Take your shot!,[Field-6] - Miss - ${lm://Field/6},[Field-3] - Miss - ${lm://Field/3},How confident are you in your response? - Miss - How confident are you in your response?,Score - Take your shot!,[Field-6] - Score - ${lm://Field/6},[Field-3] - Score - ${lm://Field/3},How confident are you in your response? - Score - How confident are you in your response?,Score - Take your shot!,[Field-6] - Score - ${lm://Field/6},[Field-3] - Score - ${lm://Field/3},How confident are you in your response? - Score - How confident are you in your response?,Score - Take your shot!,[Field-6] - Score - ${lm://Field/6},[Field-3] - Score - ${lm://Field/3},How confident are you in your response? - Score - How confident are you in your response?,Miss - Take your shot!,[Field-6] - Miss - ${lm://Field/6},[Field-3] - Miss - ${lm://Field/3},How confident are you in your response? - Miss - How confident are you in your response?,Miss - Take your shot!,[Field-6] - Miss - ${lm://Field/6},[Field-3] - Miss - ${lm://Field/3},How confident are you in your response? - Miss - How confident are you in your response?,Miss - Take your shot!,[Field-6] - Miss - ${lm://Field/6},[Field-3] - Miss - ${lm://Field/3},How confident are you in your response? - Miss - How confident are you in your response?,Score - Take your shot!,[Field-6] - Score - ${lm://Field/6},[Field-3] - Score - ${lm://Field/3},How confident are you in your response? - Score - How confident are you in your response?,Score - Take your shot!,[Field-6] - Score - ${lm://Field/6},[Field-3] - Score - ${lm://Field/3},How confident are you in your response? - Score - How confident are you in your response?,Score - Take your shot!,[Field-6] - Score - ${lm://Field/6},[Field-3] - Score - ${lm://Field/3},How confident are you in your response? - Score - How confident are you in your response?,Miss - Take your shot!,[Field-6] - Miss - ${lm://Field/6},[Field-3] - Miss - ${lm://Field/3},How confident are you in your response? - Miss - How confident are you in your response?,Miss - Take your shot!,[Field-6] - Miss - ${lm://Field/6},[Field-3] - Miss - ${lm://Field/3},How confident are you in your response? - Miss - How confident are you in your response?,Miss - Take your shot!,[Field-6] - Miss - ${lm://Field/6},[Field-3] - Miss - ${lm://Field/3},How confident are you in your response? - Miss - How confident are you in your response?,Score - Take your shot!,[Field-6] - Score - ${lm://Field/6},[Field-3] - Score - ${lm://Field/3},How confident are you in your response? - Score - How confident are you in your response?,Score - Take your shot!,[Field-6] - Score - ${lm://Field/6},[Field-3] - Score - ${lm://Field/3},How confident are you in your response? - Score - How confident are you in your response?,Score - Take your shot!,[Field-6] - Score - ${lm://Field/6},[Field-3] - Score - ${lm://Field/3},How confident are you in your response? - Score - How confident are you in your response?,Miss - Take your shot!,[Field-6] - Miss - ${lm://Field/6},[Field-3] - Miss - ${lm://Field/3},How confident are you in your response? - Miss - How confident are you in your response?,Miss - Take your shot!,[Field-6] - Miss - ${lm://Field/6},[Field-3] - Miss - ${lm://Field/3},How confident are you in your response? - Miss - How confident are you in your response?,Miss - Take your shot!,[Field-6] - Miss - ${lm://Field/6},[Field-3] - Miss - ${lm://Field/3},How confident are you in your response? - Miss - How confident are you in your response?,Score - Take your shot!,[Field-6] - Score - ${lm://Field/6},[Field-3] - Score - ${lm://Field/3},How confident are you in your response? - Score - How confident are you in your response?,Score - Take your shot!,[Field-6] - Score - ${lm://Field/6},[Field-3] - Score - ${lm://Field/3},How confident are you in your response? - Score - How confident are you in your response?,Score - Take your shot!,[Field-6] - Score - ${lm://Field/6},[Field-3] - Score - ${lm://Field/3},How confident are you in your response? - Score - How confident are you in your response?,Miss - Take your shot!,[Field-6] - Miss - ${lm://Field/6},[Field-3] - Miss - ${lm://Field/3},How confident are you in your response? - Miss - How confident are you in your response?,Miss - Take your shot!,[Field-6] - Miss - ${lm://Field/6},[Field-3] - Miss - ${lm://Field/3},How confident are you in your response? - Miss - How confident are you in your response?,Miss - Take your shot!,[Field-6] - Miss - ${lm://Field/6},[Field-3] - Miss - ${lm://Field/3},How confident are you in your response? - Miss - How confident are you in your response?,Score - Take your shot!,[Field-6] - Score - ${lm://Field/6},[Field-3] - Score - ${lm://Field/3},How confident are you in your response? - Score - How confident are you in your response?,Score - Take your shot!,[Field-6] - Score - ${lm://Field/6},[Field-3] - Score - ${lm://Field/3},How confident are you in your response? - Score - How confident are you in your response?,Score - Take your shot!,[Field-6] - Score - ${lm://Field/6},[Field-3] - Score - ${lm://Field/3},How confident are you in your response? - Score - How confident are you in your response?,Miss - Take your shot!,[Field-6] - Miss - ${lm://Field/6},[Field-3] - Miss - ${lm://Field/3},How confident are you in your response? - Miss - How confident are you in your response?,Miss - Take your shot!,[Field-6] - Miss - ${lm://Field/6},[Field-3] - Miss - ${lm://Field/3},How confident are you in your response? - Miss - How confident are you in your response?,Miss - Take your shot!,[Field-6] - Miss - ${lm://Field/6},[Field-3] - Miss - ${lm://Field/3},How confident are you in your response? - Miss - How confident are you in your response?,Score - Take your shot!,[Field-6] - Score - ${lm://Field/6},[Field-3] - Score - ${lm://Field/3},How confident are you in your response? - Score - How confident are you in your response?,Score - Take your shot!,[Field-6] - Score - ${lm://Field/6},[Field-3] - Score - ${lm://Field/3},How confident are you in your response? - Score - How confident are you in your response?,Score - Take your shot!,[Field-6] - Score - ${lm://Field/6},[Field-3] - Score - ${lm://Field/3},How confident are you in your response? - Score - How confident are you in your response?,Miss - Take your shot!,[Field-6] - Miss - ${lm://Field/6},[Field-3] - Miss - ${lm://Field/3},How confident are you in your response? - Miss - How confident are you in your response?,Miss - Take your shot!,[Field-6] - Miss - ${lm://Field/6},[Field-3] - Miss - ${lm://Field/3},How confident are you in your response? - Miss - How confident are you in your response?,Miss - Take your shot!,[Field-6] - Miss - ${lm://Field/6},[Field-3] - Miss - ${lm://Field/3},How confident are you in your response? - Miss - How confident are you in your response?,What is your gender? - Selected Choice,What is your gender? - Other - Text,What is your age in years?,Are you Hispanic or Latino/Latina?,What is your race? - Selected Choice,What is your race? - Other - Text,Please describe your level of education based on your last completed degree:,"Do you feel that you paid attention, avoided distractions, and took this survey seriously?","By the way, want to know how you did? The task is intentionally designed to have you score on half of the trials.
Please feel free to leave us any feedback!",Condition,Display,RandomID
"{""ImportId"":""startDate"",""timeZone"":""America/Denver""}","{""ImportId"":""endDate"",""timeZone"":""America/Denver""}","{""ImportId"":""status""}","{""ImportId"":""ipAddress""}","{""ImportId"":""progress""}","{""ImportId"":""duration""}","{""ImportId"":""finished""}","{""ImportId"":""recordedDate"",""timeZone"":""America/Denver""}","{""ImportId"":""_recordId""}","{""ImportId"":""recipientLastName""}","{""ImportId"":""recipientFirstName""}","{""ImportId"":""recipientEmail""}","{""ImportId"":""externalDataReference""}","{""ImportId"":""locationLatitude""}","{""ImportId"":""locationLongitude""}","{""ImportId"":""distributionChannel""}","{""ImportId"":""userLanguage""}","{""ImportId"":""QID127""}","{""ImportId"":""QID4""}","{""ImportId"":""QID225""}","{""ImportId"":""QID164""}","{""ImportId"":""QID227""}","{""ImportId"":""QID7""}","{""ImportId"":""QID232""}","{""ImportId"":""QID126""}","{""ImportId"":""1_QID199""}","{""ImportId"":""1_QID206_1""}","{""ImportId"":""1_QID207_1""}","{""ImportId"":""1_QID208_1""}","{""ImportId"":""2_QID199""}","{""ImportId"":""2_QID206_1""}","{""ImportId"":""2_QID207_1""}","{""ImportId"":""2_QID208_1""}","{""ImportId"":""3_QID199""}","{""ImportId"":""3_QID206_1""}","{""ImportId"":""3_QID207_1""}","{""ImportId"":""3_QID208_1""}","{""ImportId"":""4_QID199""}","{""ImportId"":""4_QID206_1""}","{""ImportId"":""4_QID207_1""}","{""ImportId"":""4_QID208_1""}","{""ImportId"":""5_QID199""}","{""ImportId"":""5_QID206_1""}","{""ImportId"":""5_QID207_1""}","{""ImportId"":""5_QID208_1""}","{""ImportId"":""6_QID199""}","{""ImportId"":""6_QID206_1""}","{""ImportId"":""6_QID207_1""}","{""ImportId"":""6_QID208_1""}","{""ImportId"":""7_QID199""}","{""ImportId"":""7_QID206_1""}","{""ImportId"":""7_QID207_1""}","{""ImportId"":""7_QID208_1""}","{""ImportId"":""8_QID199""}","{""ImportId"":""8_QID206_1""}","{""ImportId"":""8_QID207_1""}","{""ImportId"":""8_QID208_1""}","{""ImportId"":""9_QID199""}","{""ImportId"":""9_QID206_1""}","{""ImportId"":""9_QID207_1""}","{""ImportId"":""9_QID208_1""}","{""ImportId"":""10_QID199""}","{""ImportId"":""10_QID206_1""}","{""ImportId"":""10_QID207_1""}","{""ImportId"":""10_QID208_1""}","{""ImportId"":""11_QID199""}","{""ImportId"":""11_QID206_1""}","{""ImportId"":""11_QID207_1""}","{""ImportId"":""11_QID208_1""}","{""ImportId"":""12_QID199""}","{""ImportId"":""12_QID206_1""}","{""ImportId"":""12_QID207_1""}","{""ImportId"":""12_QID208_1""}","{""ImportId"":""1_QID237""}","{""ImportId"":""1_QID244_1""}","{""ImportId"":""1_QID245_1""}","{""ImportId"":""1_QID246_1""}","{""ImportId"":""2_QID237""}","{""ImportId"":""2_QID244_1""}","{""ImportId"":""2_QID245_1""}","{""ImportId"":""2_QID246_1""}","{""ImportId"":""3_QID237""}","{""ImportId"":""3_QID244_1""}","{""ImportId"":""3_QID245_1""}","{""ImportId"":""3_QID246_1""}","{""ImportId"":""4_QID237""}","{""ImportId"":""4_QID244_1""}","{""ImportId"":""4_QID245_1""}","{""ImportId"":""4_QID246_1""}","{""ImportId"":""5_QID237""}","{""ImportId"":""5_QID244_1""}","{""ImportId"":""5_QID245_1""}","{""ImportId"":""5_QID246_1""}","{""ImportId"":""6_QID237""}","{""ImportId"":""6_QID244_1""}","{""ImportId"":""6_QID245_1""}","{""ImportId"":""6_QID246_1""}","{""ImportId"":""7_QID237""}","{""ImportId"":""7_QID244_1""}","{""ImportId"":""7_QID245_1""}","{""ImportId"":""7_QID246_1""}","{""ImportId"":""8_QID237""}","{""ImportId"":""8_QID244_1""}","{""ImportId"":""8_QID245_1""}","{""ImportId"":""8_QID246_1""}","{""ImportId"":""9_QID237""}","{""ImportId"":""9_QID244_1""}","{""ImportId"":""9_QID245_1""}","{""ImportId"":""9_QID246_1""}","{""ImportId"":""10_QID237""}","{""ImportId"":""10_QID244_1""}","{""ImportId"":""10_QID245_1""}","{""ImportId"":""10_QID246_1""}","{""ImportId"":""11_QID237""}","{""ImportId"":""11_QID244_1""}","{""ImportId"":""11_QID245_1""}","{""ImportId"":""11_QID246_1""}","{""ImportId"":""12_QID237""}","{""ImportId"":""12_QID244_1""}","{""ImportId"":""12_QID245_1""}","{""ImportId"":""12_QID246_1""}","{""ImportId"":""1_QID252""}","{""ImportId"":""1_QID258_1""}","{""ImportId"":""1_QID259_1""}","{""ImportId"":""1_QID260_1""}","{""ImportId"":""2_QID252""}","{""ImportId"":""2_QID258_1""}","{""ImportId"":""2_QID259_1""}","{""ImportId"":""2_QID260_1""}","{""ImportId"":""3_QID252""}","{""ImportId"":""3_QID258_1""}","{""ImportId"":""3_QID259_1""}","{""ImportId"":""3_QID260_1""}","{""ImportId"":""4_QID252""}","{""ImportId"":""4_QID258_1""}","{""ImportId"":""4_QID259_1""}","{""ImportId"":""4_QID260_1""}","{""ImportId"":""5_QID252""}","{""ImportId"":""5_QID258_1""}","{""ImportId"":""5_QID259_1""}","{""ImportId"":""5_QID260_1""}","{""ImportId"":""6_QID252""}","{""ImportId"":""6_QID258_1""}","{""ImportId"":""6_QID259_1""}","{""ImportId"":""6_QID260_1""}","{""ImportId"":""7_QID252""}","{""ImportId"":""7_QID258_1""}","{""ImportId"":""7_QID259_1""}","{""ImportId"":""7_QID260_1""}","{""ImportId"":""8_QID252""}","{""ImportId"":""8_QID258_1""}","{""ImportId"":""8_QID259_1""}","{""ImportId"":""8_QID260_1""}","{""ImportId"":""9_QID252""}","{""ImportId"":""9_QID258_1""}","{""ImportId"":""9_QID259_1""}","{""ImportId"":""9_QID260_1""}","{""ImportId"":""10_QID252""}","{""ImportId"":""10_QID258_1""}","{""ImportId"":""10_QID259_1""}","{""ImportId"":""10_QID260_1""}","{""ImportId"":""11_QID252""}","{""ImportId"":""11_QID258_1""}","{""ImportId"":""11_QID259_1""}","{""ImportId"":""11_QID260_1""}","{""ImportId"":""12_QID252""}","{""ImportId"":""12_QID258_1""}","{""ImportId"":""12_QID259_1""}","{""ImportId"":""12_QID260_1""}","{""ImportId"":""1_QID265""}","{""ImportId"":""1_QID272_1""}","{""ImportId"":""1_QID273_1""}","{""ImportId"":""1_QID274_1""}","{""ImportId"":""2_QID265""}","{""ImportId"":""2_QID272_1""}","{""ImportId"":""2_QID273_1""}","{""ImportId"":""2_QID274_1""}","{""ImportId"":""3_QID265""}","{""ImportId"":""3_QID272_1""}","{""ImportId"":""3_QID273_1""}","{""ImportId"":""3_QID274_1""}","{""ImportId"":""4_QID265""}","{""ImportId"":""4_QID272_1""}","{""ImportId"":""4_QID273_1""}","{""ImportId"":""4_QID274_1""}","{""ImportId"":""5_QID265""}","{""ImportId"":""5_QID272_1""}","{""ImportId"":""5_QID273_1""}","{""ImportId"":""5_QID274_1""}","{""ImportId"":""6_QID265""}","{""ImportId"":""6_QID272_1""}","{""ImportId"":""6_QID273_1""}","{""ImportId"":""6_QID274_1""}","{""ImportId"":""7_QID265""}","{""ImportId"":""7_QID272_1""}","{""ImportId"":""7_QID273_1""}","{""ImportId"":""7_QID274_1""}","{""ImportId"":""8_QID265""}","{""ImportId"":""8_QID272_1""}","{""ImportId"":""8_QID273_1""}","{""ImportId"":""8_QID274_1""}","{""ImportId"":""9_QID265""}","{""ImportId"":""9_QID272_1""}","{""ImportId"":""9_QID273_1""}","{""ImportId"":""9_QID274_1""}","{""ImportId"":""10_QID265""}","{""ImportId"":""10_QID272_1""}","{""ImportId"":""10_QID273_1""}","{""ImportId"":""10_QID274_1""}","{""ImportId"":""11_QID265""}","{""ImportId"":""11_QID272_1""}","{""ImportId"":""11_QID273_1""}","{""ImportId"":""11_QID274_1""}","{""ImportId"":""12_QID265""}","{""ImportId"":""12_QID272_1""}","{""ImportId"":""12_QID273_1""}","{""ImportId"":""12_QID274_1""}","{""ImportId"":""QID149""}","{""ImportId"":""QID149_4_TEXT""}","{""ImportId"":""QID150_TEXT""}","{""ImportId"":""QID151""}","{""ImportId"":""QID152""}","{""ImportId"":""QID152_7_TEXT""}","{""ImportId"":""QID153""}","{""ImportId"":""QID50""}","{""ImportId"":""QID223_TEXT""}","{""ImportId"":""Condition""}","{""ImportId"":""Display""}","{""ImportId"":""RandomID""}"
8/3/20 11:55,8/3/20 12:24,IP Address,,100,1774,TRUE,8/3/20 12:24,R_2Vm6LN6zkzpklQi,,,,,,,anonymous,EN,ACCEPT HIT,Think about/visualize how ${e://Field/Condition} just moved.,,Think about/visualize what would have happened if ${e://Field/Condition} had moved in the other direction.,,Think about/visualize whether ${e://Field/Condition}'s movement caused the ball to score or not score.,,IM_74Ef0wh1bD6qdZb,right,79.296,89.718,92.254,right,78.028,0.282,91.549,right,87.324,84.648,91.408,left,93.239,0.141,99.577,right,94.789,98.592,97.465,right,83.521,87.042,88.31,right,88.028,84.085,89.296,right,61.972,12.394,91.549,right,78.31,93.521,86.62,right,83.239,2.535,96.197,left,83.662,97.324,100,left,76.901,89.859,91.69,right,75.915,100,99.859,right,85.915,0.563,99.296,right,84.789,88.873,97.606,right,88.592,2.254,99.014,right,92.817,99.296,99.437,right,88.592,93.944,96.761,right,88.31,96.479,99.577,left,88.169,1.408,97.887,right,81.549,90.986,100,right,86.761,0.141,100,left,90.563,98.732,98.592,right,90.845,95.915,96.056,right,94.507,99.155,100,left,77.746,1.268,99.859,right,66.056,95.211,98.451,left,99.296,0.141,100,left,88.451,100,99.014,left,84.93,96.761,98.169,right,93.099,100,100,right,80.282,0.563,100,right,70.704,93.239,98.592,right,86.62,2.113,100,right,90.282,100,99.577,right,79.718,96.62,99.859,left,69.718,100,99.296,left,75.493,2.394,98.028,left,74.225,99.437,99.014,right,80.704,0,100,right,83.239,98.028,100,left,83.944,99.155,100,left,77.465,100,100,left,76.62,0.141,99.014,left,82.113,97.746,98.451,left,77.887,0.423,100,right,85.634,100,100,right,79.155,100,99.718,Male,,48,No,White/Caucasian,,Some college,Yes,none,the goalie,UpwardFirst,749683
8/3/20 11:55,8/3/20 12:36,IP Address,,100,2458,TRUE,8/3/20 12:36,R_3IRUWCWDxbVN7jO,,,,,,,anonymous,EN,ACCEPT HIT,Think about/visualize how ${e://Field/Condition} just moved.,,Think about/visualize what would have happened if ${e://Field/Condition} had moved in the other direction.,,Think about/visualize whether ${e://Field/Condition}'s movement caused the ball to score or not score.,,IM_74Ef0wh1bD6qdZb,right,100,100,100,right,100,0,100,right,100,100,100,left,100,0,100,right,100,0,100,left,100,100,100,left,100,100,100,left,100,0,100,left,100,100,100,right,100,0,100,right,100,100,100,left,100,100,100,right,100,100,100,left,100,0,100,left,100,100,100,right,100,0,100,left,100,100,100,left,100,100,100,right,100,100,100,left,100,0,100,right,100,100,100,right,100,0,0,left,100,100,100,right,100,100,100,left,100,100,100,left,100,0,100,left,100,100,99.859,left,100,0,100,right,100,100,49.859,left,100,100,100,right,100,100,100,left,100,0,50,left,100,100,100,right,100,0,100,right,100,100,50,right,100,0,50.423,right,100,100,100,right,100,0,100,right,100,100,100,right,100,0,100,left,100,100,100,left,100,100,100,right,100,100,100,left,100,0,100,left,100,100,100,left,100,0,100,right,100,100,76.338,right,100,100,100,Male,,37,No,White/Caucasian,,4 year degree,Yes,,the ball,DownwardFirst,328257
8/3/20 12:03,8/3/20 12:45,IP Address,,100,2566,TRUE,8/3/20 12:45,R_2pS14ODiawJ5bKG,,,,,,,anonymous,EN,ACCEPT HIT,Think about/visualize how ${e://Field/Condition} just moved.,,Think about/visualize what would have happened if ${e://Field/Condition} had moved in the other direction.,,Think about/visualize whether ${e://Field/Condition}'s movement caused the ball to score or not score.,,IM_74Ef0wh1bD6qdZb,left,100,100,100,left,100,0,100,left,100,100,100,left,100,0.141,100,left,100,100,100,left,100,100,100,left,100,100,100,left,100,0,100,left,100,100,100,left,100,0,100,left,100,100,100,left,99.859,99.296,100,left,100,100,100,left,100,0,100,right,100,100,100,left,100,0,100,left,100,100,100,left,100,100,100,left,100,100,100,left,100,0,100,left,100,100,100,right,97.887,0,100,right,100,100,100,left,100,100,100,right,100,100,100,left,80.563,9.155,100,left,98.873,100,100,left,76.62,0.141,100,left,76.62,94.366,91.408,right,100,100,100,right,100,100,100,left,86.62,26.761,91.69,left,100,100,100,left,90.282,0,100,right,96.901,100,100,left,99.014,100,100,left,100,100,100,left,100,0.704,98.592,left,100,100,100,right,98.451,0.141,100,right,100,100,100,right,99.296,99.437,100,right,98.732,100,100,right,100,1.549,98.873,right,98.169,100,100,right,100,0,100,right,100,100,100,right,100,99.577,100,Female,,32,No,White/Caucasian,,4 year degree,Yes,,the goalie,DownwardFirst,597125
8/3/20 12:24,8/3/20 12:54,IP Address,,100,1783,TRUE,8/3/20 12:54,R_qCOjMS5L7eA3H4B,,,,,,,anonymous,EN,ACCEPT HIT,Think about/visualize how ${e://Field/Condition} just moved.,,Think about/visualize what would have happened if ${e://Field/Condition} had moved in the other direction.,,Think about/visualize whether ${e://Field/Condition}'s movement caused the ball to score or not score.,,IM_74Ef0wh1bD6qdZb,right,94.648,100,100,right,72.254,0,40.845,right,60,80,72.817,right,37.042,52.535,51.972,right,77.746,99.577,100,left,74.648,99.718,100,left,95.211,100,100,right,37.746,30.845,34.225,right,29.296,39.155,41.549,left,70.986,0,100,left,76.761,81.549,84.225,left,71.549,100,99.437,right,75.07,100,100,right,76.479,0,93.099,left,81.549,100,100,left,79.718,0,100,left,77.042,100,100,right,69.014,100,100,left,40.563,80.845,50.845,right,76.761,0,100,right,78.028,100,100,right,73.944,44.93,0,right,81.268,100,100,right,70.845,100,100,right,82.958,100,100,right,73.521,100,100,right,79.437,100,100,right,77.887,0,100,right,78.592,100,100,right,79.577,100,100,right,71.268,100,100,right,80.141,0,100,right,79.577,100,100,right,77.183,0,100,right,79.859,100,100,right,82.113,100,100,right,50,100,100,right,76.479,0.141,100,right,78.451,100,100,right,82.113,22.817,50.986,right,76.338,100,100,right,88.31,100,100,right,85.352,100,100,right,81.549,99.296,100,right,81.408,99.859,100,right,78.451,0,100,right,77.606,100,100,right,88.169,100,100,Female,,52,No,White/Caucasian,,Professional degree,Yes,,the goalie,UpwardFirst,153006
8/3/20 12:46,8/3/20 13:08,IP Address,,100,1356,TRUE,8/3/20 13:08,R_2tD8V4jICdrDr1c,,,,,,,anonymous,EN,ACCEPT HIT,Think about/visualize how ${e://Field/Condition} just moved.,,Think about/visualize what would have happened if ${e://Field/Condition} had moved in the other direction.,,Think about/visualize whether ${e://Field/Condition}'s movement caused the ball to score or not score.,,IM_74Ef0wh1bD6qdZb,right,100,100,100,right,81.268,20.986,72.817,right,76.056,36.197,70.282,right,100,0,100,right,80.704,91.69,82.254,right,86.056,78.873,80.563,right,97.465,100,100,right,89.437,17.887,84.366,right,75.07,36.197,75.493,right,100,0,92.958,right,79.155,94.225,87.465,left,83.521,30.282,75.352,right,100,100,100,right,88.592,18.451,91.127,right,83.099,67.324,84.789,right,100,0,100,right,71.549,71.831,60,right,86.056,25.915,82.394,right,99.437,100,100,right,79.296,32.817,82.817,right,77.746,63.944,47.887,right,99.296,0,100,right,77.887,71.268,79.155,right,79.296,31.268,77.746,right,83.521,100,100,left,79.718,77.042,87.324,right,80.141,91.408,91.831,right,77.042,56.901,72.676,right,84.366,86.62,94.085,right,82.535,74.789,60.845,right,94.366,93.944,92.958,right,79.014,81.972,84.93,right,90.704,89.014,92.113,right,97.042,0,100,right,100,93.521,90,right,83.944,51.972,59.014,right,93.38,100,100,right,84.225,53.38,65.493,right,79.577,43.239,26.62,left,100,0,100,right,83.38,92.254,89.437,right,84.648,53.099,39.296,right,100,100,100,right,78.31,21.408,80.282,right,80.563,49.155,79.155,right,100,0,100,right,83.099,89.437,80.423,right,74.93,27.183,66.338,Female,,36,No,White/Caucasian,,4 year degree,Yes,,the ball,DownwardFirst,940092
8/3/20 12:35,8/3/20 13:09,IP Address,,100,2085,TRUE,8/3/20 13:09,R_1LSZlp7gZLkmrPK,,,,,,,anonymous,EN,ACCEPT HIT,Think about/visualize whether ${e://Field/Condition}'s movement caused the ball to score or not score.,Think about/visualize how ${e://Field/Condition} just moved.,Think about/visualize what would have happened if ${e://Field/Condition} had moved in the other direction.,,Think about/visualize whether ${e://Field/Condition}'s movement caused the ball to score or not score.,,IM_74Ef0wh1bD6qdZb,right,99.577,33.944,65.493,left,100,0.141,100,right,100,100,100,right,100,0.141,100,right,100,100,100,left,99.859,99.577,100,left,98.873,98.028,98.169,right,100,0.282,100,left,100,99.718,99.155,right,100,0.423,100,left,99.577,100,100,right,100,100,100,right,99.718,100,100,right,100,0.141,100,right,100,100,100,right,100,0.141,100,right,100,100,100,left,100,100,99.155,right,100,100,100,left,100,0.141,100,right,100,99.718,100,left,100,0.141,100,right,100,0.141,99.718,right,100,99.859,100,right,100,97.042,100,right,100,0,100,right,99.014,99.577,100,left,99.859,0,100,left,100,100,100,right,99.296,100,100,right,100,100,100,right,100,1.268,99.577,right,99.859,100,100,right,100,0.141,100,right,95.07,100,100,left,100,100,100,right,100,100,100,right,95.634,5.211,92.113,left,99.577,100,97.465,right,100,0.141,99.155,right,100,100,100,right,99.718,99.859,99.437,right,100,8.451,71.268,right,100,0.141,100,right,99.437,100,99.859,left,98.31,0.141,98.873,right,99.859,16.479,83.099,right,100,100,100,Male,,37,No,Asian,,Professional degree,Yes,,the goalie,DownwardFirst,452128
8/3/20 12:57,8/3/20 13:31,IP Address,,100,2050,TRUE,8/3/20 13:31,R_tDOuhm8Gwx08Yg1,,,,,,,anonymous,EN,ACCEPT HIT,Think about/visualize what would have happened if ${e://Field/Condition} had moved in the other direction.,Think about/visualize how ${e://Field/Condition} just moved.,Think about/visualize whether ${e://Field/Condition}'s movement caused the ball to score or not score.,Think about/visualize what would have happened if ${e://Field/Condition} had moved in the other direction.,Think about/visualize whether ${e://Field/Condition}'s movement caused the ball to score or not score.,,IM_74Ef0wh1bD6qdZb,right,87.606,100,100,right,26.901,20.704,84.085,right,79.296,90.986,95.634,left,100,0,100,right,43.662,100,100,left,45.915,93.803,76.62,left,82.394,100,100,right,3.239,0,100,left,75.634,29.718,73.803,right,81.69,0,100,left,40,100,100,right,27.183,84.085,93.239,right,78.592,100,100,right,26.761,0,100,left,68.028,100,100,left,61.69,0,100,right,31.268,100,100,left,19.437,90,100,right,47.606,100,100,right,40.282,0,100,left,90,80,60.423,right,87.324,0,100,right,15.493,100,100,right,15.634,61.831,37.887,right,95.493,100,100,left,83.521,0,100,left,65.352,61.69,36.62,left,81.408,0,100,right,67.887,100,100,right,67.887,74.085,60.845,right,11.972,100,100,right,65.493,88.31,70.563,right,87.465,100,100,right,89.437,0,100,left,38.028,100,100,right,23.38,100,91.268,right,79.296,100,100,left,72.817,0,100,right,100,75.915,90.141,right,93.239,0,100,left,85.915,100,100,right,89.718,100,100,left,75.915,100,100,right,40,0,100,right,85.915,91.268,100,right,83.521,0,100,left,88.31,100,100,right,61.972,79.718,66.056,Male,,33,No,White/Caucasian,,High school graduate,Yes,,the ball,UpwardFirst,157437
8/3/20 13:53,8/3/20 14:22,IP Address,,100,1764,TRUE,8/3/20 14:22,R_vfroS6oMH0TflCN,,,,,,,anonymous,EN,ACCEPT HIT,Think about/visualize how ${e://Field/Condition} just moved.,,Think about/visualize what would have happened if ${e://Field/Condition} had moved in the other direction.,,Think about/visualize whether ${e://Field/Condition}'s movement caused the ball to score or not score.,,IM_74Ef0wh1bD6qdZb,left,85.211,100,100,left,78.169,0,100,right,92.817,80,70.423,left,89.296,0,100,right,100,100,100,left,68.592,97.042,94.93,left,92.535,100,100,right,97.324,0,100,left,98.592,77.042,89.718,right,88.31,0,100,left,94.789,100,100,left,69.296,100,81.127,left,93.803,100,100,right,95.07,0,100,right,90.845,100,100,left,97.042,0,100,left,96.761,100,100,right,78.31,100,90,right,94.648,100,100,left,82.676,0,100,left,91.831,100,100,left,97.606,0,100,right,98.732,100,100,right,63.099,100,100,right,100,100,100,right,88.732,0,100,right,100,100,100,right,80.141,0,100,left,100,100,100,left,85.493,100,100,right,100,100,100,left,100,0,100,left,95.352,100,100,left,77.887,0,100,left,79.296,100,100,right,90.704,100,100,right,99.577,100,100,left,94.648,0,100,right,94.93,100,100,right,88.169,0,100,right,100,100,100,right,96.62,100,100,right,100,100,100,left,78.873,100,100,right,89.577,100,100,right,95.211,0,100,left,100,100,100,left,89.437,100,100,Female,,27,No,White/Caucasian,,Some college,Yes,,the goalie,UpwardFirst,955697
8/3/20 14:06,8/3/20 14:35,IP Address,,100,1713,TRUE,8/3/20 14:35,R_r8E9OMLfCgg30Hv,,,,,,,anonymous,EN,ACCEPT HIT,Think about/visualize how ${e://Field/Condition} just moved.,,Think about/visualize what would have happened if ${e://Field/Condition} had moved in the other direction.,,Think about/visualize whether ${e://Field/Condition}'s movement caused the ball to score or not score.,,IM_74Ef0wh1bD6qdZb,right,86.056,100,100,right,76.479,5.915,94.648,right,86.197,95.775,100,right,82.394,0,100,left,84.93,95.915,100,right,47.183,89.155,95.211,left,93.099,100,98.169,left,82.254,0,88.169,left,84.085,100,95.775,right,82.676,0,90.423,left,84.085,100,95.352,right,85.352,94.507,100,left,88.451,90.141,82.113,left,83.239,0,100,left,90.423,78.31,91.268,right,90.423,0,100,right,88.873,100,92.958,right,50.986,94.93,100,right,86.479,96.197,95.915,left,88.873,0,95.07,left,93.803,100,98.451,right,90,0,94.225,left,88.451,100,95.493,left,41.408,84.085,97.746,right,95.07,92.394,89.859,left,85.634,0,93.944,right,75.775,90.563,95.915,left,85.211,0,94.366,left,93.803,100,93.803,right,52.676,85.915,83.944,right,84.789,86.479,93.521,left,77.465,0,90,left,88.169,93.944,89.296,right,90.563,0,94.225,left,76.338,100,85.07,right,80.845,82.113,90.423,right,87.887,100,89.577,left,83.803,0,100,right,89.437,100,97.746,left,80,4.507,91.69,right,85.634,100,86.056,right,49.014,84.93,83.38,left,78.169,69.296,87.465,left,90,87.183,87.606,right,88.732,95.352,96.338,left,93.662,0,100,right,81.127,100,89.296,left,77.746,93.803,91.549,Male,,40,No,White/Caucasian,,4 year degree,Yes,,the ball,DownwardFirst,991667
8/3/20 14:28,8/3/20 15:06,IP Address,,100,2298,TRUE,8/3/20 15:06,R_2zSjYblbQ8Uc9kU,,,,,,,anonymous,EN,ACCEPT HIT,Think about/visualize how ${e://Field/Condition} just moved.,,Think about/visualize what would have happened if ${e://Field/Condition} had moved in the other direction.,,Think about/visualize whether ${e://Field/Condition}'s movement caused the ball to score or not score.,,IM_74Ef0wh1bD6qdZb,right,65.352,100,100,right,76.338,0,100,right,76.338,100,100,right,51.549,0,100,right,80.423,100,100,left,77.324,100,100,right,75.211,100,100,right,49.577,0,100,right,24.507,100,100,right,47.465,0,100,left,27.042,72.676,77.746,right,77.324,100,100,right,78.592,100,100,right,50.423,0,100,right,0,49.859,48.592,right,52.254,0,100,right,50.563,100,100,right,50.141,100,100,right,21.549,82.535,80.704,right,77.042,48.732,49.859,left,76.62,100,100,right,76.056,0,100,right,47.746,100,100,right,73.38,100,100,right,75.915,100,100,right,74.789,0,51.972,right,77.183,100,100,left,77.606,0,100,right,75.775,100,100,right,49.155,100,100,right,78.592,100,100,right,100,0,100,left,86.197,100,100,right,49.577,0,100,right,48.873,100,100,right,50.141,100,100,right,74.366,100,75.775,left,78.169,48.732,49.437,right,77.042,100,100,right,75.07,63.521,75.493,right,77.465,100,98.873,right,50.704,100,100,right,74.507,100,100,right,78.169,0,100,left,75.211,100,100,right,76.338,0,100,right,73.944,100,100,right,49.014,100,100,Female,,23,Yes,Other,hispanic,4 year degree,Yes,,the goalie,DownwardFirst,910859
8/4/20 9:56,8/4/20 10:16,IP Address,,100,1202,TRUE,8/4/20 10:16,R_3ixxTkf12Eauu32,,,,,,,anonymous,EN,ACCEPT HIT,Think about/visualize how ${e://Field/Condition} just moved.,,Think about/visualize what would have happened if ${e://Field/Condition} had moved in the other direction.,,Think about/visualize whether ${e://Field/Condition}'s movement caused the ball to score or not score.,,IM_74Ef0wh1bD6qdZb,left,21.549,99.718,99.859,left,76.62,0.141,100,left,25.775,98.451,97.042,left,50.986,1.408,100,left,29.014,98.451,100,left,23.521,99.437,100,left,24.085,99.155,98.31,left,26.479,0.141,100,left,28.028,100,98.592,left,25.915,2.676,100,left,21.549,99.577,98.592,left,21.268,100,100,left,20.704,100,98.732,left,21.972,0.282,99.718,left,22.958,100,96.338,left,25.915,0.986,100,left,28.592,99.859,100,left,29.437,97.606,100,left,23.239,98.028,100,left,25.915,1.408,100,left,26.761,100,99.859,left,23.803,0.141,100,left,20.563,100,100,left,21.831,100,100,left,26.62,100,100,left,25.775,0.986,98.732,left,26.62,100,100,left,22.958,0.141,98.451,left,26.338,98.028,100,left,23.521,100,98.169,left,25.634,100,100,left,25.352,0.563,100,left,25.07,99.437,100,left,23.521,1.127,98.169,left,23.38,100,100,left,25.07,99.859,100,left,25.211,100,100,left,25.211,100,100,left,25.634,100,100,left,23.662,0.141,100,left,24.225,97.746,99.859,left,26.479,99.718,100,left,22.676,99.296,100,left,28.873,0.141,100,left,23.099,98.31,98.028,left,25.634,0.141,99.155,left,25.634,98.451,100,left,25.775,100,99.577,Other,genderfluid,20,No,White/Caucasian,,Some college,Yes,,the goalie,UpwardFirst,860007
8/4/20 9:58,8/4/20 10:24,IP Address,,100,1584,TRUE,8/4/20 10:24,R_XjM9ot2aiE0uy5z,,,,,,,anonymous,EN,ACCEPT HIT,Think about/visualize how ${e://Field/Condition} just moved.,,Think about/visualize what would have happened if ${e://Field/Condition} had moved in the other direction.,,Think about/visualize whether ${e://Field/Condition}'s movement caused the ball to score or not score.,,IM_74Ef0wh1bD6qdZb,right,87.887,100,100,right,80.986,0,100,right,89.859,100,76.901,right,86.761,0,100,right,22.535,50.986,0,right,92.394,100,100,right,96.056,100,100,right,86.761,0,100,right,78.028,100,84.085,right,100,0,100,right,88.028,100,100,right,80.423,100,100,right,91.69,100,100,right,87.183,0,100,right,90,100,100,right,91.408,0,100,right,93.521,100,100,right,91.127,100,100,right,92.394,100,100,right,78.028,10.563,84.789,right,92.113,100,100,right,91.408,0,100,right,92.535,100,100,right,93.099,100,100,right,7.746,65.211,0,right,85.07,0,58.592,right,94.507,100,100,right,92.394,0,100,right,93.099,100,100,right,91.127,100,100,right,92.817,100,100,right,92.394,100,100,right,93.099,100,100,right,95.915,0,100,right,82.535,100,100,right,92.113,100,100,right,69.859,100,100,right,88.732,0,100,right,83.662,100,100,right,92.535,0,100,right,90.282,100,100,right,86.761,100,100,right,82.958,100,100,right,76.901,0,100,right,97.465,100,100,right,88.028,0,100,right,93.944,100,100,right,86.056,100,100,Male,,42,No,White/Caucasian,,2 year degree,Yes,,the goalie,UpwardFirst,786909
8/4/20 9:56,8/4/20 10:25,IP Address,,100,1715,TRUE,8/4/20 10:25,R_3q7gqc1NNmLSQ7H,,,,,,,anonymous,EN,ACCEPT HIT,Think about/visualize what would have happened if ${e://Field/Condition} had moved in the other direction.,Think about/visualize how ${e://Field/Condition} just moved.,Think about/visualize how ${e://Field/Condition} just moved.,Think about/visualize what would have happened if ${e://Field/Condition} had moved in the other direction.,Think about/visualize whether ${e://Field/Condition}'s movement caused the ball to score or not score.,,IM_74Ef0wh1bD6qdZb,left,70.704,55.211,63.38,left,56.901,52.817,66.197,right,86.197,54.366,58.31,right,54.648,74.648,53.662,left,87.887,69.577,64.789,right,67.324,53.662,62.535,left,80.986,51.972,38.028,right,73.099,57.324,66.338,right,82.394,67.465,55.352,left,51.831,51.972,60.563,right,82.535,59.859,54.507,right,71.972,61.69,67.465,right,77.042,62.113,54.085,right,65.211,54.366,57.183,right,57.606,60.141,51.831,right,60.141,59.014,53.803,right,70.141,50.986,66.338,left,66.761,39.577,59.155,right,57.746,58.873,51.268,right,60.563,51.549,58.592,right,53.38,39.718,50.986,right,66.056,59.718,52.958,right,72.394,60,45.352,left,62.535,61.549,61.69,left,59.155,50.986,54.085,right,57.183,61.408,46.62,right,70.141,43.944,62.535,right,54.93,58.592,66.761,right,72.113,54.648,51.972,left,72.394,60.141,44.225,right,53.803,70.704,63.099,right,54.366,44.93,65.915,right,56.761,65.07,56.197,right,71.549,66.479,52.535,right,64.507,58.169,54.93,left,52.958,55.915,52.535,right,58.028,64.085,56.338,right,59.014,53.099,80.423,left,59.859,42.254,61.972,right,63.944,42.535,60.563,right,79.014,66.338,42.958,right,51.972,52.394,46.479,right,58.873,63.662,46.197,left,53.662,43.099,51.268,right,76.338,59.859,40.845,right,76.056,59.155,40.563,right,58.592,58.451,46.056,right,52.817,57.606,40.563,Male,,25,No,White/Caucasian,,4 year degree,Yes,,the ball,UpwardFirst,436186
8/4/20 9:59,8/4/20 10:26,IP Address,,100,1630,TRUE,8/4/20 10:26,R_2ZBL68p5kReDHHt,,,,,,,anonymous,EN,ACCEPT HIT,Think about/visualize what would have happened if ${e://Field/Condition} had moved in the other direction.,Think about/visualize how ${e://Field/Condition} just moved.,Think about/visualize whether ${e://Field/Condition}'s movement caused the ball to score or not score.,Think about/visualize what would have happened if ${e://Field/Condition} had moved in the other direction.,Think about/visualize whether ${e://Field/Condition}'s movement caused the ball to score or not score.,,IM_74Ef0wh1bD6qdZb,left,29.014,26.901,31.972,left,87.324,61.972,70.704,left,39.577,70,40,right,31.69,83.944,79.859,left,36.056,36.479,36.056,left,38.592,38.592,30.845,left,73.944,73.521,88.028,right,39.859,35.634,36.056,left,64.225,61.831,68.31,left,34.366,27.606,70.986,left,79.718,76.479,73.099,right,32.254,72.817,70.986,left,72.958,81.831,73.099,left,34.648,70.563,86.338,left,36.901,72.254,83.239,left,79.296,74.507,84.085,left,35.915,40.282,39.859,left,74.507,35.211,68.732,left,71.127,71.127,85.211,left,31.69,73.803,88.592,left,79.859,29.718,39.859,right,31.831,77.606,73.38,left,84.93,87.183,82.535,right,24.93,19.296,87.606,left,88.451,84.507,77.324,left,77.606,77.746,72.394,right,78.451,75.211,79.155,left,73.521,73.944,68.873,left,78.028,81.268,70,left,70.141,81.408,71.831,right,39.014,75.775,79.859,right,73.099,76.901,74.085,left,81.972,41.69,29.296,left,70,83.38,50,left,74.789,79.718,76.901,left,79.155,83.099,80.704,left,74.507,67.465,61.69,right,86.761,71.408,68.732,right,37.324,35.493,36.901,left,68.169,67.887,42.817,left,67.183,41.549,43.944,left,36.056,67.183,73.662,left,37.606,78.028,71.972,left,73.944,73.239,88.732,left,74.507,79.437,71.69,left,83.38,76.056,34.648,left,79.296,44.085,42.958,left,70.704,77.746,30.704,Female,,33,No,White/Caucasian,,4 year degree,Yes,,the ball,DownwardFirst,720294
8/4/20 9:57,8/4/20 10:29,IP Address,,100,1888,TRUE,8/4/20 10:29,R_PAQdFYMSo47VmAV,,,,,,,anonymous,EN,ACCEPT HIT,Think about/visualize how ${e://Field/Condition} just moved.,,Think about/visualize what would have happened if ${e://Field/Condition} had moved in the other direction.,,Think about/visualize whether ${e://Field/Condition}'s movement caused the ball to score or not score.,,IM_74Ef0wh1bD6qdZb,right,37.606,100,100,right,26.761,0,100,right,75.07,81.268,0,left,38.451,0.141,100,left,28.451,100,100,right,7.746,27.606,0.141,right,33.521,100,100,right,25.211,0.141,99.155,right,6.056,79.155,5.634,left,32.394,0,99.718,right,39.718,100,100,left,2.535,46.62,1.972,left,48.592,100,100,left,18.873,0,100,right,12.676,67.746,0,right,27.887,100,100,left,25.775,100,100,right,20.282,49.718,3.239,right,28.592,100,100,right,23.099,0,100,right,2.958,70.986,8.451,left,23.803,0,100,left,32.535,100,100,right,4.366,47.746,1.972,left,76.197,100,100,right,26.197,0,100,left,4.93,77.465,16.338,right,50.141,0,100,left,43.662,100,100,left,3.099,49.859,47.606,right,69.577,100,100,right,26.901,0,100,right,15.775,63.662,27.887,left,79.155,0.141,99.718,left,52.254,100,100,right,2.958,44.366,51.408,right,29.014,100,100,right,49.577,0,100,right,7.887,68.732,15.352,right,22.676,0,100,right,37.465,100,100,right,5.634,58.169,12.958,left,40,100,76.479,right,17.606,0,100,left,5.07,79.859,16.901,right,26.62,0,100,right,39.155,100,100,left,1.831,28.451,3.38,Other,non binary,29,No,White/Caucasian,,4 year degree,Yes,,the ball,DownwardFirst,198841
8/4/20 9:58,8/4/20 10:33,IP Address,,100,2108,TRUE,8/4/20 10:33,R_0IjV3kFiRs05WwN,,,,,,,anonymous,EN,ACCEPT HIT,Think about/visualize whether ${e://Field/Condition}'s movement caused the ball to score or not score.,Think about/visualize how ${e://Field/Condition} just moved.,Think about/visualize how ${e://Field/Condition} just moved.,Think about/visualize whether ${e://Field/Condition}'s movement caused the ball to score or not score.,Think about/visualize what would have happened if ${e://Field/Condition} had moved in the other direction.,I don't know.,IM_3HRBpXsc28LAg1D,left,79.155,66.197,80.704,right,88.451,88.592,86.056,right,83.239,90.704,95.211,right,84.93,87.887,94.507,right,91.972,82.254,91.549,right,89.859,88.592,94.085,right,87.324,77.887,91.831,left,96.338,71.69,100,right,90.845,100,91.972,right,81.549,83.239,92.676,right,66.479,66.901,79.718,right,85.493,89.859,93.662,right,89.577,69.718,88.592,right,91.268,82.535,94.366,right,82.676,79.577,90.282,left,50,85.634,96.479,right,85.775,90.704,90.845,right,86.479,94.366,93.38,right,82.958,90.141,96.761,right,94.93,92.113,99.718,left,86.338,89.014,95.211,right,94.507,90.986,93.38,right,93.099,90.986,93.38,right,93.38,92.113,96.338,right,89.155,82.535,94.366,right,82.817,93.38,93.521,right,82.817,86.197,95.775,right,96.62,90.141,96.338,right,86.479,86.056,92.535,right,74.648,85.493,90.282,right,98.592,89.437,94.648,left,88.732,84.225,94.085,right,83.239,60.986,75.775,right,50,85.915,94.507,right,85.775,75.211,80.423,right,95.211,81.69,95.07,left,79.577,78.732,92.535,right,76.338,91.69,91.831,right,91.549,86.338,98.592,right,95.493,93.239,92.535,right,81.127,96.479,94.225,right,84.648,84.225,93.521,right,89.155,85.352,90.845,right,85.07,86.056,87.324,right,89.859,81.549,90.141,right,83.239,92.535,94.93,right,94.366,87.042,91.831,right,50,90.704,87.183,Female,,26,Yes,Asian,,4 year degree,Yes,IS GOOD I HAVE INTEREST TASK IN PARTICIPATE.,the ball,UpwardFirst,506242
8/4/20 9:59,8/4/20 10:47,IP Address,,100,2873,TRUE,8/4/20 10:47,R_124iFEK5G3wEJxc,,,,,,,anonymous,EN,ACCEPT HIT,Think about/visualize what would have happened if ${e://Field/Condition} had moved in the other direction.,Think about/visualize whether ${e://Field/Condition}'s movement caused the ball to score or not score.,Think about/visualize how ${e://Field/Condition} just moved.,Think about/visualize what would have happened if ${e://Field/Condition} had moved in the other direction.,Think about/visualize what would have happened if ${e://Field/Condition} had moved in the other direction.,Think about/visualize whether ${e://Field/Condition}'s movement caused the ball to score or not score.,IM_74Ef0wh1bD6qdZb,right,86.479,99.437,77.042,right,79.014,84.507,96.338,left,78.873,72.535,95.352,right,83.099,73.944,96.62,right,78.31,75.634,94.366,right,90.986,79.859,92.535,right,81.972,70.423,92.535,left,92.676,77.042,96.761,right,86.479,64.225,76.62,left,86.056,79.859,96.761,left,88.028,69.859,95.07,left,93.662,76.197,95.775,left,78.873,77.887,98.028,right,82.817,91.268,82.535,right,79.155,79.718,94.507,left,92.394,70.845,85.352,left,89.155,79.718,91.268,right,82.535,77.183,95.634,right,87.183,82.817,93.239,left,86.197,75.493,95.07,right,87.746,84.225,91.831,left,93.521,97.183,89.859,right,87.606,76.761,91.408,right,82.817,84.225,97.465,left,50,67.887,92.394,left,76.197,75.493,86.901,right,80.282,65.915,33.662,left,72.676,71.69,84.789,right,73.662,63.38,91.127,right,84.789,64.789,76.761,left,75.634,64.93,81.268,left,67.324,82.113,73.662,left,82.254,62.676,90.423,right,68.732,76.197,63.521,right,67.887,74.789,75.915,right,68.451,77.606,69.437,left,69.155,86.197,75.915,right,91.127,70.141,94.789,right,86.479,74.225,95.07,right,82.113,77.324,88.451,left,84.789,69.859,94.648,right,87.042,77.746,92.535,left,79.155,76.056,92.676,left,80.986,76.761,93.38,left,85.493,80.563,95.211,right,82.113,71.549,94.085,left,71.549,73.521,71.408,right,67.606,89.155,82.958,Male,,25,No,White/Caucasian,,4 year degree,Yes,good experience...,the goalie,DownwardFirst,177853
8/4/20 9:56,8/4/20 10:48,IP Address,,100,3118,TRUE,8/4/20 10:48,R_2AEl7ErHjeQOAkz,,,,,,,anonymous,EN,ACCEPT HIT,Think about/visualize how ${e://Field/Condition} just moved.,,Think about/visualize whether ${e://Field/Condition}'s movement caused the ball to score or not score.,Think about/visualize how ${e://Field/Condition} just moved.,Think about/visualize whether ${e://Field/Condition}'s movement caused the ball to score or not score.,,IM_cOvd3d76QKuTrFP,right,89.718,90.845,88.592,left,92.535,90,91.69,right,91.408,84.225,87.887,left,82.394,86.056,88.169,right,91.69,87.746,50,right,88.451,89.014,90,left,89.014,87.887,90.282,right,85.915,88.169,91.268,right,89.014,88.873,89.859,left,89.718,90.282,92.394,right,87.746,89.296,94.225,right,85.211,90.563,91.972,right,88.169,86.056,85.07,left,82.676,87.606,90.423,left,89.577,92.113,91.831,right,88.592,85.352,89.296,left,82.676,78.592,81.831,right,94.225,89.859,90.141,left,81.549,83.38,86.479,left,92.817,94.085,92.535,left,83.803,85.775,88.451,right,89.718,85.915,92.254,left,81.408,85.634,89.155,left,93.521,86.197,90.141,left,90.986,90.141,90.423,left,87.606,90.563,91.408,left,90.141,82.817,86.761,right,90.563,85.775,88.169,right,83.099,81.69,85.493,right,89.859,88.873,87.746,right,80.845,87.887,88.169,left,89.859,87.887,88.028,right,85.352,82.535,85.352,right,82.817,88.169,87.887,right,88.873,84.93,90.704,right,83.521,85.352,88.592,right,88.451,89.437,91.972,left,81.69,91.127,92.254,right,83.803,89.718,92.254,right,86.901,88.169,87.324,left,88.31,88.451,89.437,right,84.93,86.901,89.718,left,87.606,83.38,88.592,right,81.268,91.127,90.986,right,90,95.493,92.535,right,88.028,92.535,91.408,right,83.521,93.239,91.831,right,89.014,86.62,87.324,Male,,30,Yes,Black/African American,,4 year degree,Yes,good,the goalie,UpwardFirst,635188
8/4/20 9:58,8/4/20 10:49,IP Address,,100,3021,TRUE,8/4/20 10:49,R_25WP9XIK69DEAVU,,,,,,,anonymous,EN,ACCEPT HIT,Think about/visualize what would have happened if ${e://Field/Condition} had moved in the other direction.,Think about/visualize how ${e://Field/Condition} just moved.,Think about/visualize how ${e://Field/Condition} just moved.,Think about/visualize what would have happened if ${e://Field/Condition} had moved in the other direction.,Think about/visualize whether ${e://Field/Condition}'s movement caused the ball to score or not score.,,IM_74Ef0wh1bD6qdZb,left,50,50,50,left,50,50,50,right,50,50,50,left,50,50,50,left,50,50,50,left,50,50,50,left,50,50,50,right,50,50,50,right,50,50,50,left,50,50,50,left,50,50,50,right,50,50,50,left,50,50,50,left,50,50,50,left,50,50,50,left,50,50,50,left,50,50,50,left,50,50,50,left,50,50,50,left,50,50,50,left,50,50,50,left,50,50,50,left,50,50,50,left,50,50,50,left,90.423,94.648,79.577,left,97.746,91.69,100,left,98.169,99.437,94.366,left,100,93.662,98.169,left,97.324,94.085,90.986,left,93.944,99.437,95.775,right,99.718,77.465,100,left,98.873,94.085,98.028,left,100,91.831,96.62,right,96.479,93.099,88.732,left,95.493,93.944,93.099,right,98.028,95.493,100,left,95.915,97.606,98.592,left,96.62,100,100,left,100,79.859,100,right,98.592,97.324,100,left,94.789,96.901,100,left,97.324,99.718,100,left,99.155,98.873,98.028,left,98.592,100,99.577,left,100,100,100,left,99.155,100,99.577,left,99.859,98.451,99.437,left,97.465,97.042,96.901,Female,,35,No,White/Caucasian,,Professional degree,Yes,very interesting this survey,the ball,UpwardFirst,324655
8/4/20 10:07,8/4/20 10:50,IP Address,,100,2583,TRUE,8/4/20 10:50,R_1mgu4PnfHhcT3DK,,,,,,,anonymous,EN,ACCEPT HIT,Think about/visualize how ${e://Field/Condition} just moved.,,Think about/visualize what would have happened if ${e://Field/Condition} had moved in the other direction.,,Think about/visualize whether ${e://Field/Condition}'s movement caused the ball to score or not score.,,IM_74Ef0wh1bD6qdZb,right,100,100,100,left,100,0.141,80.395,left,100,100,100,right,100,0,98.731,left,100,100,100,left,99.718,100,100,left,100,100,100,left,100,0,100,right,100,100,100,right,100,0,99.859,left,100,100,99.859,left,100,100,100,right,100,100,100,right,100,0.141,100,left,100,100,100,left,100,0,100,left,99.718,100,100,left,100,100,100,left,100,100,100,right,100,0.141,100,left,100,99.859,100,left,100,0.141,100,left,100,99.718,100,right,100,100,100,right,100,100,100,right,100,98.872,42.454,left,100,100,100,right,100,0,100,left,100,99.859,99.436,left,100,100,100,left,100,100,100,left,100,0,100,right,100,100,100,right,100,0,100,left,100,100,100,left,100,100,100,right,100,100,100,right,100,0.141,100,left,100,100,100,left,100,0,100,right,99.859,100,100,right,100,100,100,right,100,100,100,left,100,0.141,100,left,100,100,100,left,100,0,100,right,100,100,100,left,100,100,100,Female,,23,No,Asian,,2 year degree,Yes,The task was very interesting thank you very much.,the goalie,UpwardFirst,836206
8/4/20 10:00,8/4/20 10:53,IP Address,,100,3186,TRUE,8/4/20 10:53,R_30jfXillARY0DKW,,,,,,,anonymous,EN,ACCEPT HIT,Think about/visualize how ${e://Field/Condition} just moved.,,Think about/visualize whether ${e://Field/Condition}'s movement caused the ball to score or not score.,Think about/visualize how ${e://Field/Condition} just moved.,Think about/visualize what would have happened if ${e://Field/Condition} had moved in the other direction.,Think about/visualize whether ${e://Field/Condition}'s movement caused the ball to score or not score.,,right,77.465,70.282,72.113,right,86.479,89.859,80.423,right,82.676,71.549,77.606,right,79.014,69.014,79.859,right,78.31,75.634,80,right,76.056,74.648,85.352,right,71.69,67.324,80.282,right,83.944,83.944,86.338,right,87.606,68.169,72.817,right,80.423,71.69,88.31,right,84.225,76.62,88.592,right,78.732,74.085,84.225,right,81.831,68.732,91.831,right,62.254,75.352,74.789,right,74.648,83.099,80.986,right,78.873,78.169,81.127,right,73.239,71.549,74.507,right,85.915,77.606,87.183,right,80.704,80.423,74.366,right,90.423,73.38,77.887,right,87.606,72.958,77.887,right,78.592,77.746,80.845,right,86.761,75.775,87.324,right,76.479,69.577,93.38,right,78.451,50,72.254,right,31.127,66.338,76.479,right,71.972,73.662,82.254,right,68.31,62.535,80.563,right,74.366,50,91.831,right,79.296,64.225,83.521,right,27.465,80.845,76.761,right,70.704,63.38,63.239,right,27.606,66.197,68.451,right,81.268,69.437,50,right,65.493,64.789,64.789,right,69.718,75.775,81.268,right,86.761,70.986,64.93,right,100,60.141,80.563,right,75.07,69.718,89.859,right,82.958,67.606,87.887,right,75.915,67.606,73.662,right,81.408,69.718,77.746,right,70.141,72.113,79.577,right,77.183,71.69,79.155,right,77.324,70.141,83.944,right,67.324,71.69,75.352,right,75.775,67.887,79.859,right,68.873,69.859,83.944,Male,,1992,Yes,White/Caucasian,,2 year degree,Yes,no,the goalie,DownwardFirst,568025
8/4/20 10:20,8/4/20 10:55,IP Address,,100,2092,TRUE,8/4/20 10:55,R_PRMEfkp6TVYFZTj,,,,,,,anonymous,EN,ACCEPT HIT,Think about/visualize how ${e://Field/Condition} just moved.,,Think about/visualize what would have happened if ${e://Field/Condition} had moved in the other direction.,,Think about/visualize whether ${e://Field/Condition}'s movement caused the ball to score or not score.,,IM_74Ef0wh1bD6qdZb,left,100,100,100,right,100,0.188,100,right,100,49.694,100,left,100,0.188,100,left,100,100,100,left,100,50.259,100,right,100,100,100,left,100,0.188,100,right,100,50.682,100,left,100,0.188,100,right,100,100,100,left,100,50.4,100,right,100,100,100,right,100,0.188,100,left,100,50.4,100,left,100,0.188,100,left,100,100,100,right,100,49.976,100,right,100,100,100,right,100,0.188,100,left,100,49.553,100,right,100,0.188,100,left,100,100,100,right,100,49.13,100,left,100,100,100,right,100,0.188,100,right,100,49.835,100,left,100,0.188,100,left,100,100,100,right,100,49.835,100,right,100,100,100,left,100,0,100,left,100,50.259,100,left,100,0,100,right,100,100,100,left,100,50.4,100,right,100,100,100,right,100,0.188,100,right,100,50.259,100,left,100,0.188,100,left,100,100,100,left,100,50.118,100,right,100,100,100,left,100,0.188,100,left,100,50.4,100,right,100,0.188,100,left,100,100,100,right,100,50.118,100,Male,,27,No,Multiracial,,4 year degree,Yes,,the goalie,DownwardFirst,384655
8/4/20 10:19,8/4/20 10:55,IP Address,,100,2187,TRUE,8/4/20 10:55,R_3OfyoICctMhuelS,,,,,,,anonymous,EN,ACCEPT HIT,Think about/visualize what would have happened if ${e://Field/Condition} had moved in the other direction.,Think about/visualize how ${e://Field/Condition} just moved.,Think about/visualize what would have happened if ${e://Field/Condition} had moved in the other direction.,,Think about/visualize whether ${e://Field/Condition}'s movement caused the ball to score or not score.,,IM_74Ef0wh1bD6qdZb,left,100,100,100,right,99.718,0.141,0,right,100,100,100,left,77.183,100,100,left,100,100,100,right,76.901,100,100,left,100,100,100,left,100,0,100,right,100,100,100,left,100,0.282,0.141,left,100,100,100,right,100,100,100,right,100,100,100,right,100,0.141,100,left,100,100,100,left,100,0.141,0.141,right,100,100,100,left,100,100,100,left,100,100,100,left,100,100,100,left,100,100,100,right,100,0.282,0.141,left,100,100,100,right,100,100,100,left,100,100,100,left,100,0.141,100,left,100,100,100,left,100,0,100,left,99.859,100,100,right,100,100,100,left,100,100,100,left,100,0.141,100,right,100,100,100,right,100,0.141,100,left,100,100,100,left,100,100,100,left,100,100,100,left,100,0.141,100,right,100,100,100,left,100,0.141,100,left,100,100,100,left,100,100,100,right,100,100,100,right,100,0.141,99.718,left,100,100,100,left,100,0.282,100,left,100,100,100,right,100,100,100,Male,,54,No,White/Caucasian,,2 year degree,Yes,Everything was fine.  It all worked smoothly.,the ball,UpwardFirst,204057
8/4/20 10:32,8/4/20 11:02,IP Address,,100,1799,TRUE,8/4/20 11:02,R_2urYoF90k9ECQJU,,,,,,,anonymous,EN,ACCEPT HIT,Think about/visualize whether ${e://Field/Condition}'s movement caused the ball to score or not score.,Think about/visualize how ${e://Field/Condition} just moved.,Think about/visualize whether ${e://Field/Condition}'s movement caused the ball to score or not score.,Think about/visualize what would have happened if ${e://Field/Condition} had moved in the other direction.,Think about/visualize whether ${e://Field/Condition}'s movement caused the ball to score or not score.,,IM_74Ef0wh1bD6qdZb,right,99.577,98.31,85.634,right,76.197,40.704,67.183,right,85.775,78.028,71.127,right,81.831,32.817,73.38,right,77.606,75.352,74.93,right,89.718,36.197,80.141,right,86.901,82.817,100,right,80,36.901,78.451,right,81.972,72.817,96.197,right,78.592,36.056,74.085,right,85.915,87.465,93.662,right,77.465,31.831,82.958,left,76.479,80.423,89.155,right,79.718,49.155,84.789,right,76.761,59.296,74.789,right,74.085,36.761,83.239,right,76.479,72.535,83.662,right,69.577,70.845,80.423,left,77.042,69.859,87.042,right,78.451,42.817,61.408,right,75.775,71.69,84.789,right,70.141,38.592,74.93,right,82.394,80,85.634,right,75.775,65.775,80.141,right,77.465,77.887,93.521,right,93.803,62.958,81.408,right,83.803,72.676,98.732,left,70.563,58.873,84.225,right,81.831,64.507,86.901,right,74.507,75.634,91.127,right,77.746,71.268,87.183,right,80.563,79.577,89.718,right,83.803,91.549,90.141,left,81.831,28.732,91.549,right,90.986,80.141,94.085,right,75.211,76.056,93.803,right,82.676,82.676,85.211,left,84.085,23.239,84.085,right,77.606,64.93,88.31,left,85.775,37.887,71.69,right,81.972,69.859,92.113,right,74.648,72.113,92.676,right,86.338,88.31,100,right,84.225,45.07,68.31,right,80.141,68.873,93.803,right,74.225,93.803,100,right,82.535,66.901,87.746,right,79.577,69.437,94.789,Male,,25,No,White/Caucasian,,4 year degree,Yes,GREAT,the ball,DownwardFirst,609414
8/4/20 10:33,8/4/20 11:04,IP Address,,100,1889,TRUE,8/4/20 11:04,R_3IR9IQwjzJrg6Kz,,,,,,,anonymous,EN,ACCEPT HIT,Think about/visualize how ${e://Field/Condition} just moved.,,Think about/visualize what would have happened if ${e://Field/Condition} had moved in the other direction.,,Think about/visualize whether ${e://Field/Condition}'s movement caused the ball to score or not score.,,IM_74Ef0wh1bD6qdZb,right,87.746,100,100,right,67.606,1.408,97.465,left,85.915,94.225,98.451,right,90,0,100,right,64.648,95.775,97.183,right,78.31,95.493,97.042,left,83.239,100,99.155,right,65.775,1.127,95.211,right,89.155,100,100,left,86.761,0,98.31,left,73.38,94.93,94.789,right,76.197,93.099,91.972,left,86.761,99.718,100,left,69.155,2.817,98.169,right,63.239,89.155,93.803,right,89.014,0.141,100,right,80.141,99.718,100,left,71.549,96.056,97.465,right,90.141,100,99.718,left,69.437,0.563,100,left,76.901,98.31,98.592,right,82.394,0.141,100,right,68.169,97.183,98.592,right,75.07,95.915,97.465,left,86.761,100,100,right,76.056,0.141,100,right,67.042,96.197,97.746,right,93.521,0.141,98.873,right,73.944,99.718,99.859,left,72.394,92.113,95.07,right,93.521,100,100,right,61.549,0.986,97.887,right,83.38,97.465,97.746,right,64.225,2.254,95.211,right,62.958,97.324,96.901,left,88.451,94.789,96.901,right,84.507,99.155,98.169,right,65.352,0.141,98.873,right,67.183,90.423,95.775,right,90.141,0.141,100,right,72.958,92.394,92.535,left,75.493,98.31,98.028,left,78.31,100,99.859,left,68.451,1.831,96.056,right,81.408,98.028,100,left,92.817,0.141,100,right,76.197,96.901,98.028,right,71.268,96.761,97.606,Female,,58,No,Asian,,2 year degree,Yes,,the goalie,UpwardFirst,835074
8/4/20 10:00,8/4/20 11:14,IP Address,,100,4455,TRUE,8/4/20 11:14,R_2QgpQkWwQ06lh8p,,,,,,,anonymous,EN,ACCEPT HIT,Think about/visualize what would have happened if ${e://Field/Condition} had moved in the other direction.,Think about/visualize how ${e://Field/Condition} just moved.,Think about/visualize what would have happened if ${e://Field/Condition} had moved in the other direction.,,I don't know.,Think about/visualize whether ${e://Field/Condition}'s movement caused the ball to score or not score.,IM_74Ef0wh1bD6qdZb,right,92.958,95.915,86.056,right,78.873,100,94.507,left,89.155,88.873,85.493,left,92.676,93.662,89.859,right,92.254,80.986,96.338,right,85.07,73.662,91.972,right,89.014,84.507,96.056,left,87.606,94.789,90.423,left,88.732,90.141,81.408,left,100,87.746,83.662,left,92.254,94.225,87.465,left,92.817,95.211,88.31,right,96.056,97.324,90.423,left,78.873,91.831,86.479,right,89.437,76.761,93.239,right,94.648,79.437,94.225,left,90.986,95.211,88.451,left,90.845,96.338,89.577,right,81.972,86.901,95.352,right,95.352,96.62,86.62,left,89.296,83.803,97.746,left,92.254,94.366,87.465,right,93.803,95.634,88.592,left,91.268,94.93,92.535,left,86.338,96.62,89.577,right,76.056,89.859,90.423,right,93.099,92.676,88.169,right,86.338,81.268,92.394,right,92.394,74.648,86.901,right,92.958,75.775,94.225,right,94.648,96.197,87.606,left,95.352,80,95.211,left,95.634,82.254,95.493,left,96.479,80.845,94.366,left,93.662,90.563,80,left,95.775,95.352,86.338,left,90.986,93.521,88.732,left,89.718,97.606,87.746,right,94.93,95.634,91.549,left,87.606,95.352,85.493,left,97.887,98.169,87.606,left,93.099,91.127,83.099,right,93.099,75.915,92.394,left,91.127,84.789,86.479,left,93.662,79.577,95.915,right,94.225,96.197,85.915,left,91.268,93.239,87.606,right,95.07,87.746,97.746,Female,,43,Yes,Black/African American,,Professional degree,Yes,Very easy survey.,the ball,UpwardFirst,728555
8/4/20 10:34,8/4/20 11:19,IP Address,,100,2702,TRUE,8/4/20 11:19,R_2qxZExlh2MKMv68,,,,,,,anonymous,EN,ACCEPT HIT,Think about/visualize how ${e://Field/Condition} just moved.,,Think about/visualize what would have happened if ${e://Field/Condition} had moved in the other direction.,,Think about/visualize whether ${e://Field/Condition}'s movement caused the ball to score or not score.,,IM_74Ef0wh1bD6qdZb,left,75.775,100,100,left,100,5.211,92.394,right,88.451,97.606,93.239,left,94.789,0,100,left,68.169,96.197,83.662,right,75.493,89.437,82.958,left,100,100,100,right,70.423,64.366,57.465,left,91.127,100,100,left,73.521,0,96.901,left,91.268,96.479,91.127,right,71.127,32.817,69.437,left,85.493,100,100,left,78.732,4.366,96.197,left,92.958,100,100,right,78.028,3.239,97.324,left,78.732,94.366,86.056,right,71.549,92.676,85.352,left,93.38,99.155,96.197,right,75.211,1.972,90.423,right,91.549,96.338,87.465,right,74.507,0,100,left,65.915,81.127,74.366,left,95.352,100,100,left,84.085,100,96.479,right,55.07,19.859,69.155,left,80.986,92.394,86.62,right,80.704,0,100,left,76.197,95.211,95.493,right,82.113,95.915,87.606,right,85.352,100,100,left,96.62,0,89.437,right,90.845,98.028,88.169,left,77.887,0,100,left,70.141,97.324,97.465,right,70.141,93.803,89.859,left,100,100,100,left,66.197,3.521,94.789,right,97.183,100,97.887,right,96.761,0,100,right,75.493,94.085,90.423,right,76.479,95.775,84.93,right,100,100,100,right,41.549,2.958,83.944,left,94.225,100,96.197,right,97.465,0,100,left,87.746,95.915,92.254,right,80.423,92.958,92.676,Female,,58,No,White/Caucasian,,4 year degree,Yes,Thank you.,the ball,DownwardFirst,349028
8/4/20 9:57,8/4/20 11:21,IP Address,,100,5021,TRUE,8/4/20 11:21,R_5bs6k4nwJNRaUCZ,,,,,,,anonymous,EN,ACCEPT HIT,Think about/visualize how ${e://Field/Condition} just moved.,,Think about/visualize what would have happened if ${e://Field/Condition} had moved in the other direction.,,Think about/visualize whether ${e://Field/Condition}'s movement caused the ball to score or not score.,,IM_74Ef0wh1bD6qdZb,right,89.859,99.859,100,right,85.775,7.746,95.352,left,78.028,96.479,98.873,left,79.859,0.141,96.761,left,79.437,100,100,right,59.014,97.324,99.014,right,81.268,99.296,97.887,right,80.282,8.028,96.901,right,77.887,91.268,97.746,right,72.676,6.901,91.127,right,79.296,80.282,93.662,right,76.338,100,99.296,right,82.958,64.085,69.718,right,78.31,0.986,94.93,right,83.099,100,99.577,right,45.211,32.676,17.887,right,84.648,81.127,82.394,right,75.493,99.155,100,right,75.775,97.887,93.944,right,57.887,75.775,76.338,right,86.479,99.718,99.437,right,72.958,4.93,98.169,right,84.225,31.549,50.986,right,60.563,91.268,87.324,right,68.732,100,100,left,75.775,7.465,91.408,right,67.887,14.789,77.465,left,78.592,0.141,100,right,78.732,100,99.437,right,39.718,40.282,45.07,right,79.437,100,100,right,79.577,3.521,91.127,right,80.704,88.31,90.704,right,74.366,0.141,100,right,71.408,99.155,97.606,left,56.62,100,100,right,79.859,100,99.718,left,77.465,74.507,84.366,left,75.07,69.718,33.944,right,78.873,2.535,99.577,left,79.296,100,100,left,79.014,100,100,right,85.07,100,100,right,67.887,33.38,74.648,left,81.127,99.296,100,right,83.099,0.845,95.493,right,75.493,99.859,100,right,83.239,98.31,94.648,Female,,23,No,Black/African American,,4 year degree,"No, I had trouble paying attention","Hi! I just wanted to briefly explain why I wasn't able to give my full undivided attention during this study . Since COVID-19 happened and schools and camps and daycare are closed , Ive been on parent duty with my baby brother ( I am his second guardian ) , and some days he can be more difficult to entertain than others . Today was one of those days . Everything seemed to be smooth sailing until 10 minutes into the study he started to get fussy with only a few intervals where he was able to play/and eat . I know I am rambling but I take studies on Mturk serious and I just felt like I could have done so much better ,not that my performance was completely unsatisfactory , but I know my capabilities . 
Thankyou for reading and have a great day .",the goalie,DownwardFirst,626998
8/4/20 10:36,8/4/20 11:26,IP Address,,100,2990,TRUE,8/4/20 11:26,R_2xyPxshyjfBnCYa,,,,,,,anonymous,EN,ACCEPT HIT,Think about/visualize how ${e://Field/Condition} just moved.,,Think about/visualize what would have happened if ${e://Field/Condition} had moved in the other direction.,,Think about/visualize whether ${e://Field/Condition}'s movement caused the ball to score or not score.,,IM_74Ef0wh1bD6qdZb,left,95.07,100,100,right,89.155,0,100,right,76.197,90.845,96.197,left,90.845,0,97.887,right,68.169,95.07,88.732,left,69.577,76.62,82.394,left,92.535,100,100,right,76.197,0,100,left,62.113,80.845,87.183,left,95.634,0,100,left,84.085,100,92.254,right,50.986,53.239,76.761,left,93.239,100,100,right,85.775,0,100,left,79.859,87.746,98.451,right,68.732,0,100,left,78.451,94.789,96.761,right,37.042,59.577,63.662,right,93.944,100,100,left,71.69,0,90.141,right,72.817,93.521,93.803,right,80.141,2.958,93.099,left,60.986,86.62,98.592,left,47.465,63.38,69.155,left,67.183,100,100,right,60,6.338,92.958,right,50.986,69.155,79.155,left,63.662,0,100,right,77.465,90,95.915,left,27.465,68.028,74.366,right,70.423,100,100,right,79.296,2.958,95.352,left,39.155,61.831,42.254,right,72.676,0,100,left,42.394,91.408,100,right,38.592,71.127,87.606,left,33.803,70.423,60.563,right,64.789,12.817,92.113,right,55.634,70.423,80.563,left,60.141,1.268,100,left,60.986,77.606,91.972,right,32.958,56.901,40.282,right,60.563,100,100,right,63.521,0,93.944,left,58.873,76.197,57.324,left,47.465,0,100,left,70.845,92.676,95.07,right,39.014,57.887,49.859,Male,,33,No,White/Caucasian,,4 year degree,Yes,,the ball,UpwardFirst,707388
8/4/20 10:47,8/4/20 11:27,IP Address,,100,2384,TRUE,8/4/20 11:27,R_3ltxJY6daD2iJRL,,,,,,,anonymous,EN,ACCEPT HIT,Think about/visualize how ${e://Field/Condition} just moved.,,Think about/visualize what would have happened if ${e://Field/Condition} had moved in the other direction.,,Think about/visualize whether ${e://Field/Condition}'s movement caused the ball to score or not score.,,IM_74Ef0wh1bD6qdZb,left,100,100,100,left,31.373,27.57,64.049,left,33.063,26.303,85.458,left,100,0.106,100,right,36.725,29.401,80.81,right,25.458,25.739,77.43,right,100,100,99.824,left,38.979,39.683,67.43,right,38.556,36.585,50,right,100,0.106,100,right,48.979,31.373,83.345,right,39.965,37.007,82.077,left,100,100,100,left,31.092,26.725,76.162,right,29.683,22.923,77.43,left,100,0,100,right,31.655,47.57,81.514,right,27.289,28.275,69.683,right,100,100,100,left,28.838,30.951,68.556,left,25.035,18.134,79.401,left,100,0,100,right,22.923,20.81,80.669,left,25.035,25.458,77.289,left,100,100,100,left,100,0.106,100,left,61.373,85.88,81.514,right,81.514,0.106,100,left,89.261,88.415,81.796,right,63.486,69.401,59.261,left,99.542,100,100,right,77.43,79.683,64.894,left,74.613,85.035,79.965,right,97.993,0.106,100,right,86.866,82.923,66.866,left,50.81,81.655,74.613,left,100,100,100,left,88.415,30.951,75.317,right,37.007,38.275,74.894,left,100,0.106,100,right,37.289,50.951,79.965,right,41.092,38.556,63.486,left,97.007,100,100,left,83.345,74.331,61.514,left,31.232,27.993,85.176,left,100,0.106,100,right,50.951,50.951,82.923,left,28.697,25.035,83.204,Male,,24,No,White/Caucasian,,4 year degree,Yes,Great!,the ball,DownwardFirst,624851
8/4/20 10:50,8/4/20 11:27,IP Address,,100,2252,TRUE,8/4/20 11:27,R_2WNYVKToZ6drIQJ,,,,,,,anonymous,EN,ACCEPT HIT,Think about/visualize how ${e://Field/Condition} just moved.,,Think about/visualize what would have happened if ${e://Field/Condition} had moved in the other direction.,,Think about/visualize whether ${e://Field/Condition}'s movement caused the ball to score or not score.,,IM_74Ef0wh1bD6qdZb,left,78.732,96.338,98.451,right,54.225,3.521,94.507,left,72.958,62.535,81.127,right,74.789,1.972,95.211,left,90.141,92.254,92.958,right,62.958,80,91.69,left,86.901,95.915,96.197,left,79.296,4.507,91.831,left,55.493,63.38,73.521,right,75.634,2.113,97.324,right,70.141,91.408,92.535,right,55.07,78.732,84.366,left,87.183,96.197,96.197,left,57.042,2.394,94.507,right,54.789,64.789,81.972,right,81.69,2.817,96.338,left,76.056,91.972,91.549,right,59.155,81.972,84.366,right,92.958,94.648,94.507,right,74.789,2.817,95.352,left,65.775,75.915,88.169,left,85.775,3.521,94.507,right,71.831,91.831,90.704,right,68.028,81.69,89.859,left,74.789,91.268,91.69,left,68.169,4.789,92.817,left,96.62,32.394,76.338,left,77.887,2.958,96.197,left,78.451,82.676,88.592,right,61.127,77.746,87.183,right,54.507,91.268,89.014,left,56.338,3.662,95.493,right,59.155,41.549,77.606,right,59.718,4.366,95.493,right,57.183,91.831,95.493,right,77.465,89.014,93.944,left,71.831,94.507,94.366,right,69.437,7.887,91.549,right,73.521,54.085,78.592,left,74.225,4.789,93.38,left,60.704,86.901,92.676,right,61.69,82.817,91.69,right,75.493,90.563,91.972,left,54.648,5.07,85.634,left,77.183,57.183,77.606,right,63.803,4.085,94.648,left,76.62,93.662,95.915,right,55.915,82.817,92.113,Male,,45,No,White/Caucasian,,Some college,Yes,no problems,the goalie,DownwardFirst,404152
8/4/20 10:45,8/4/20 11:29,IP Address,,100,2680,TRUE,8/4/20 11:29,R_SQdOgED2hYyVd8R,,,,,,,anonymous,EN,ACCEPT HIT,Think about/visualize how ${e://Field/Condition} just moved.,,Think about/visualize how ${e://Field/Condition} just moved.,Think about/visualize how ${e://Field/Condition} just moved.,Think about/visualize what would have happened if ${e://Field/Condition} had moved in the other direction.,Think about/visualize whether ${e://Field/Condition}'s movement caused the ball to score or not score.,IM_74Ef0wh1bD6qdZb,right,94.507,59.577,58.451,left,86.761,57.746,62.535,right,68.31,62.676,56.338,right,57.042,44.648,46.338,right,62.817,58.732,58.169,right,73.662,57.746,66.62,right,79.718,54.648,61.831,left,38.451,45.915,54.789,right,56.62,74.366,70,right,65.07,46.197,66.761,left,77.465,66.338,68.873,right,56.479,59.296,55.493,right,53.239,50,50,right,58.451,62.394,47.606,left,58.169,76.901,44.648,right,53.803,53.662,58.873,right,58.732,60.704,57.324,right,52.394,50,50,left,66.479,61.268,51.268,right,55.07,50,50,left,50,50,50,right,64.789,50,50,right,41.549,50,50,right,50,50,50,right,50,50,50,right,46.479,50,39.014,right,36.197,50,50,right,46.056,50,58.732,right,50,50,50,right,53.803,50,50,right,43.803,58.592,45.775,right,50.704,50,50,right,57.042,50,50,right,59.437,50,43.662,right,50,50,50,left,50,50,47.183,right,42.254,56.056,48.873,right,45.775,50,50,right,51.69,53.521,46.197,left,60.423,41.972,60.563,right,58.028,50,58.592,right,61.408,50,50,right,36.479,50,43.803,right,60,57.183,45.634,right,53.944,56.197,47.183,right,69.577,50,50,right,47.746,48.169,54.366,right,46.338,50,50,Male,,27,No,Black/African American,,2 year degree,"No, I had trouble paying attention",good,the ball,UpwardFirst,855481
8/4/20 10:09,8/4/20 11:31,IP Address,,100,4921,TRUE,8/4/20 11:31,R_3GoYZdMxOq4bg5p,,,,,,,anonymous,EN,ACCEPT HIT,Think about/visualize how ${e://Field/Condition} just moved.,,Think about/visualize what would have happened if ${e://Field/Condition} had moved in the other direction.,,Think about/visualize whether ${e://Field/Condition}'s movement caused the ball to score or not score.,,IM_74Ef0wh1bD6qdZb,left,100,100,100,left,100,0,100,right,74.381,79.592,83.959,right,100,1,100,right,100,100,100,right,100,100,100,right,79.592,80.296,78.324,right,100,0,100,left,81,74.662,76.211,left,100,0.156,100,left,100,100,100,right,100,100,100,right,100,100,100,left,100,0.156,100,left,99.592,99.31,99.873,left,100,100,89.732,right,79.03,77.338,29.873,right,100,100,100,right,100,100,100,right,100,0.156,100,left,100,100,100,left,100,0.156,100,left,79.03,99.452,100,right,78.326,100,100,right,100,100,100,right,100,0.156,100,right,100,100,100,left,100,0.156,100,left,100,100,100,right,100,100,100,left,99.733,100,99.873,left,100,0.156,100,left,100,100,99.873,left,100,0.156,100,left,100,99.452,99.733,right,100,100,99.452,left,100,100,100,right,100,0.156,100,right,100,100,100,right,100,65.649,53.113,left,100,100,100,right,100,100,100,right,100,100,100,left,100,0.156,99.029,left,100,77.621,81.563,left,100,0.156,100,left,100,100,100,right,98.887,100,99.733,Female,,29,No,White/Caucasian,,4 year degree,Yes,,the goalie,UpwardFirst,832522
8/4/20 10:56,8/4/20 11:33,IP Address,,100,2216,TRUE,8/4/20 11:33,R_e8z6jce1Lkjjcc1,,,,,,,anonymous,EN,ACCEPT HIT,Think about/visualize how ${e://Field/Condition} just moved.,,Think about/visualize what would have happened if ${e://Field/Condition} had moved in the other direction.,,Think about/visualize whether ${e://Field/Condition}'s movement caused the ball to score or not score.,,IM_74Ef0wh1bD6qdZb,left,70.661,100,99.575,left,72.071,0,100,right,71.225,100,100,left,64.032,0,100,left,70.237,100,100,left,40.477,0,99.857,left,79.405,100,100,left,42.734,0,100,left,72.917,100,100,right,65.724,0,100,left,46.119,100,100,left,41.747,100,100,left,64.455,100,100,left,58.672,0,100,right,78.983,99.575,100,left,62.903,0.421,100,left,58.812,100,99.575,right,45.273,100,100,right,81.38,100,100,right,60.223,0,100,right,71.789,100,99.575,left,73.058,0,100,right,61.352,99.857,99.998,left,15.795,100,99.856,left,83.214,100,100,left,22.424,79.546,59.236,left,71.225,100,100,right,50,0,100,left,34.694,100,100,left,25.386,76.442,100,left,67.981,92.099,60.223,right,62.056,0,100,right,70.662,100,100,left,67.135,0,100,left,69.25,99.151,100,right,38.644,100,100,left,68.686,100,100,left,47.388,0,100,left,100,100,82.931,right,61.352,0,86.74,left,39.772,71.93,69.955,right,35.4,100,100,left,64.455,100,100,left,39.349,22.847,41.465,left,63.326,100,100,left,65.301,0,100,left,58.954,100,100,left,13.397,92.1,100,Female,,48,No,White/Caucasian,,Some college,Yes,,the ball,DownwardFirst,714167
8/4/20 10:18,8/4/20 11:34,IP Address,,100,4548,TRUE,8/4/20 11:34,R_3O05f76xFvZ5YdS,,,,,,,anonymous,EN,ACCEPT HIT,Think about/visualize what would have happened if ${e://Field/Condition} had moved in the other direction.,Think about/visualize what would have happened if ${e://Field/Condition} had moved in the other direction.,Think about/visualize how ${e://Field/Condition} just moved.,Think about/visualize whether ${e://Field/Condition}'s movement caused the ball to score or not score.,Think about/visualize what would have happened if ${e://Field/Condition} had moved in the other direction.,Think about/visualize whether ${e://Field/Condition}'s movement caused the ball to score or not score.,IM_74Ef0wh1bD6qdZb,left,85.493,86.62,96.15,right,72.394,85.07,89.014,right,74.225,82.535,58.169,right,23.662,93.944,69.718,right,16.761,20.563,85.305,right,73.38,7.183,87.746,left,85.211,98.873,91.831,right,22.676,27.887,67.089,right,77.324,96.808,80.704,right,83.239,32.254,88.451,right,78.873,21.831,85.493,left,72.113,22.817,91.972,right,75.915,100,100,right,28.169,50,50,right,25.915,87.84,70.141,right,74.319,83.662,69.155,right,33.239,70,70.282,right,79.296,23.803,68.028,right,100,100,100,right,75.915,91.127,88.451,right,83.239,98.592,99.437,left,28.451,90.845,71.033,right,93.991,98.451,96.808,right,80.563,73.099,36.479,left,81.127,76.197,78.451,right,90,77.465,40.423,left,79.014,72.535,64.366,right,35.775,79.155,65.775,right,71.69,62.113,75.493,left,87.746,19.155,13.333,right,59.718,70.845,64.085,left,69.859,90.986,72.441,right,95.352,71.831,71.972,right,34.507,75.634,79.108,left,80.986,32.394,50,left,70.563,50,74.413,right,87.465,85.211,68.028,right,79.577,26.62,68.028,right,35.352,82.394,62.958,left,24.225,22.394,84.93,left,88.92,72.347,78.263,left,79.577,80.141,70.986,left,70.282,32.113,65.634,right,74.507,75.915,73.662,left,88.592,91.127,98.592,right,20.986,21.174,16.197,right,78.028,63.239,94.93,right,82.254,33.38,22.958,Female,,31,No,Black/African American,,High school graduate,Yes,,the ball,DownwardFirst,327771
8/4/20 11:02,8/4/20 11:41,IP Address,,100,2316,TRUE,8/4/20 11:41,R_26aNOlKoDK8zYKT,,,,,,,anonymous,EN,ACCEPT HIT,Think about/visualize what would have happened if ${e://Field/Condition} had moved in the other direction.,Think about/visualize whether ${e://Field/Condition}'s movement caused the ball to score or not score.,Think about/visualize how ${e://Field/Condition} just moved.,Think about/visualize what would have happened if ${e://Field/Condition} had moved in the other direction.,Think about/visualize whether ${e://Field/Condition}'s movement caused the ball to score or not score.,,IM_74Ef0wh1bD6qdZb,right,77.746,75.211,73.944,right,94.366,78.592,69.577,left,33.662,74.789,73.944,right,72.817,37.606,31.408,right,25.07,41.972,28.592,left,76.479,39.577,45.634,right,62.394,64.789,59.859,left,67.183,73.521,89.718,right,77.042,74.789,73.099,right,78.169,30.282,30.563,right,36.056,51.408,57.042,left,38.169,48.451,50.845,left,77.465,66.197,77.183,left,64.93,63.099,62.958,left,79.155,73.239,69.296,left,43.662,44.507,46.197,right,42.817,40.845,46.197,right,52.817,50,50,right,65.915,67.042,71.549,left,99.155,100,100,right,82.817,76.197,74.225,left,45.352,42.535,42.958,right,36.62,49.155,49.014,right,38.169,37.606,44.225,right,34.648,81.268,68.592,right,71.831,76.056,63.944,right,85.352,83.38,83.662,left,73.944,77.465,79.437,right,92.535,93.662,85.07,left,83.944,81.549,82.535,right,91.127,77.042,88.028,right,35.07,34.789,59.859,left,35.775,66.056,63.803,right,75.211,86.056,79.014,left,93.803,87.746,84.507,left,36.62,74.225,83.521,left,89.014,87.183,88.592,right,77.887,71.268,67.606,left,67.606,66.056,72.958,left,45.493,41.972,42.113,left,73.662,75.915,65.634,right,35.07,71.127,83.662,right,37.887,55.07,55.634,right,77.042,72.113,79.014,left,50.986,46.761,46.197,left,80.423,88.732,74.085,left,70.141,65.211,70,right,81.69,82.113,76.479,Female,,28,No,White/Caucasian,,Professional degree,Yes,Very nice task,the goalie,DownwardFirst,384215
8/4/20 11:13,8/4/20 11:42,IP Address,,100,1751,TRUE,8/4/20 11:42,R_cUSayKnDZFXsr6x,,,,,,,anonymous,EN,ACCEPT HIT,Think about/visualize how ${e://Field/Condition} just moved.,,Think about/visualize what would have happened if ${e://Field/Condition} had moved in the other direction.,,Think about/visualize whether ${e://Field/Condition}'s movement caused the ball to score or not score.,,IM_74Ef0wh1bD6qdZb,left,72.958,100,100,left,64.225,0,94.789,left,84.507,51.549,100,right,62.535,15.352,76.479,left,55.493,76.338,94.366,right,52.958,72.676,84.085,left,68.31,100,100,left,42.113,0,100,left,76.62,60.704,76.62,left,80,0,100,right,46.338,78.873,55.634,left,78.169,93.521,96.056,right,79.577,100,100,left,48.873,0,100,right,72.958,50.986,71.408,left,60,7.465,80.282,right,49.437,88.169,95.915,left,50.986,75.493,79.014,left,75.775,97.324,98.592,left,46.62,22.958,95.634,left,69.296,56.197,53.099,right,78.732,0,100,left,58.028,83.239,91.831,right,57.042,74.085,66.197,left,79.296,100,100,left,49.014,79.859,70.282,right,61.972,62.113,78.451,right,71.831,5.915,93.662,right,57.465,92.254,97.324,left,49.155,69.155,84.648,left,79.577,100,100,right,41.127,0,100,right,35.775,52.958,71.69,left,57.606,0,100,left,55.775,95.211,100,left,61.408,78.169,86.197,right,72.817,100,100,right,55.07,22.113,70.704,left,70.704,48.451,88.873,left,34.648,26.056,22.254,left,60.845,100,100,left,58.873,93.38,96.761,left,73.662,86.338,92.394,left,52.394,0,100,right,73.239,50.704,100,right,49.014,35.915,54.085,left,68.732,100,100,left,75.07,65.493,88.592,Male,,29,No,White/Caucasian,,2 year degree,Yes,,the goalie,UpwardFirst,676111
8/4/20 11:09,8/4/20 11:44,IP Address,,100,2071,TRUE,8/4/20 11:44,R_25jzNIV13AdRHZn,,,,,,,anonymous,EN,ACCEPT HIT,Think about/visualize how ${e://Field/Condition} just moved.,,Think about/visualize what would have happened if ${e://Field/Condition} had moved in the other direction.,,Think about/visualize whether ${e://Field/Condition}'s movement caused the ball to score or not score.,,IM_74Ef0wh1bD6qdZb,right,74.366,100,100,right,72.113,0,85.775,right,89.296,77.606,79.296,right,76.62,0,100,right,62.817,69.155,63.803,left,43.803,73.521,75.352,left,90.563,99.296,99.155,right,72.394,0,100,left,94.085,74.085,93.662,left,87.465,0,100,right,73.521,77.606,80.563,right,59.296,60.986,87.465,right,78.873,96.197,98.873,right,71.972,0,100,right,65.775,80.986,88.028,left,75.915,0.986,97.183,right,63.944,100,97.606,left,57.465,90.704,95.07,right,83.662,100,100,right,73.521,0.282,94.789,right,70.423,89.155,92.676,right,72.535,0,100,left,76.479,86.197,89.859,right,77.183,84.648,97.324,right,75.775,100,99.437,left,69.437,0,100,left,75.211,95.915,98.31,right,73.944,0,100,right,73.239,100,99.718,right,73.944,91.972,96.761,right,79.155,97.887,97.183,right,72.394,4.366,94.789,right,74.225,100,100,right,60.563,0.141,100,left,75.634,100,97.606,right,72.535,99.859,93.662,right,71.268,100,99.014,right,72.113,0,100,right,68.451,94.225,88.732,right,76.056,1.268,98.169,right,67.324,92.676,90.704,left,71.268,94.648,95.634,right,76.901,97.606,98.451,left,73.099,0,98.31,right,72.113,92.958,96.056,left,73.803,0,100,left,64.789,96.479,96.62,right,64.93,93.239,96.197,Male,,55,No,White/Caucasian,,2 year degree,Yes,,the ball,UpwardFirst,964556
8/4/20 11:13,8/4/20 11:47,IP Address,,100,2043,TRUE,8/4/20 11:47,R_e5qampv2yAEbNzb,,,,,,,anonymous,EN,ACCEPT HIT,Think about/visualize whether ${e://Field/Condition}'s movement caused the ball to score or not score.,Think about/visualize how ${e://Field/Condition} just moved.,Think about/visualize what would have happened if ${e://Field/Condition} had moved in the other direction.,,Think about/visualize whether ${e://Field/Condition}'s movement caused the ball to score or not score.,,IM_74Ef0wh1bD6qdZb,right,91.831,90,100,left,98.592,92.958,94.507,right,82.254,98.451,92.113,left,89.577,74.366,71.972,right,82.958,91.972,100,right,77.746,89.437,73.38,right,80.282,64.507,79.718,right,96.338,100,97.887,left,73.944,77.887,100,left,70.845,84.366,92.958,right,50,70.563,85.775,left,88.873,88.028,88.732,right,98.169,85.775,99.296,right,96.056,77.324,95.915,right,82.958,89.859,75.211,right,99.437,76.056,84.366,left,51.127,76.761,91.549,right,90.141,98.592,99.437,right,76.901,97.042,100,right,80.845,83.239,92.254,right,91.831,100,92.394,right,100,88.451,89.437,right,91.972,68.169,85.915,right,82.958,78.169,50,left,100,84.789,97.746,left,87.606,88.592,92.958,right,100,92.676,94.648,right,96.901,82.254,100,right,82.535,67.606,74.789,right,96.62,85.775,94.789,right,85.775,83.944,79.718,right,100,100,81.408,right,94.225,90.704,79.718,left,87.746,78.451,82.817,left,81.549,71.972,88.169,right,80.563,80.141,87.042,right,96.197,80.141,97.183,left,88.873,77.324,80.704,right,90.423,100,100,right,87.606,88.592,73.662,left,90.423,80.986,79.577,left,90.563,70.986,90.845,right,98.873,85.211,77.183,right,90.704,92.254,96.761,right,50,100,100,left,95.352,80.423,78.31,left,95.211,87.183,81.268,left,100,91.408,91.268,Male,,30,No,Black/African American,,4 year degree,Yes,very well study,the ball,DownwardFirst,897376
8/4/20 11:15,8/4/20 11:49,IP Address,,100,2039,TRUE,8/4/20 11:49,R_3MKdtl2CpadalgV,,,,,,,anonymous,EN,ACCEPT HIT,Think about/visualize how ${e://Field/Condition} just moved.,,Think about/visualize what would have happened if ${e://Field/Condition} had moved in the other direction.,,Think about/visualize whether ${e://Field/Condition}'s movement caused the ball to score or not score.,,IM_74Ef0wh1bD6qdZb,left,93.944,100,100,left,69.577,0,100,left,90.986,100,100,right,90.423,0,100,right,89.859,100,90.141,left,76.338,100,100,right,89.577,100,100,right,76.056,0,68.169,left,79.577,91.69,87.465,right,91.831,0,100,left,88.169,100,88.169,left,75.915,100,100,right,84.366,100,100,right,59.718,0,88.592,right,76.056,100,100,left,82.958,0,100,right,69.437,90.563,91.408,left,76.197,89.296,89.718,left,76.338,100,100,right,35.211,0,87.887,left,65.211,90.845,92.958,left,82.535,0,100,left,86.056,99.718,100,right,86.901,87.465,88.31,left,88.169,100,100,right,77.887,0,100,left,87.746,91.127,91.831,left,76.62,0,100,right,40.423,88.592,89.296,left,88.592,90.423,90.704,right,92.817,100,100,right,80.704,0,100,right,80.986,90.563,92.113,right,88.028,0,100,right,62.817,90.423,90.986,left,68.873,90.563,92.254,right,92.113,100,100,right,90.423,0,100,right,85.634,90.845,91.549,right,92.535,0,100,right,87.606,100,100,right,91.549,91.408,92.394,left,92.958,100,100,right,90.986,0,100,left,75.211,92.254,92.535,right,93.803,0,100,left,88.169,100,100,right,88.451,92.676,92.676,Female,,36,No,White/Caucasian,,4 year degree,Yes,,the ball,UpwardFirst,256307
8/4/20 12:11,8/4/20 12:42,IP Address,,100,1870,TRUE,8/4/20 12:42,R_2YlJYzGuZaypvtQ,,,,,,,anonymous,EN,ACCEPT HIT,Think about/visualize what would have happened if ${e://Field/Condition} had moved in the other direction.,Think about/visualize whether ${e://Field/Condition}'s movement caused the ball to score or not score.,Think about/visualize what would have happened if ${e://Field/Condition} had moved in the other direction.,,Think about/visualize how ${e://Field/Condition} just moved.,Think about/visualize whether ${e://Field/Condition}'s movement caused the ball to score or not score.,IM_74Ef0wh1bD6qdZb,right,98.31,99.859,100,right,100,100,100,right,100,100,99.577,left,100,100,100,left,95.07,83.38,100,left,100,100,100,left,100,100,100,right,100,100,100,left,99.859,100,100,left,88.451,83.521,94.225,left,96.901,100,100,left,100,100,100,right,86.901,100,87.324,right,74.789,96.761,84.507,right,91.268,88.451,95.775,left,80.282,78.592,94.507,right,100,79.577,92.535,right,90.986,76.761,99.014,left,77.465,70.423,83.803,left,76.056,72.394,81.69,right,83.521,87.606,96.62,left,78.732,95.211,84.366,right,91.268,86.479,98.873,left,81.972,95.493,75.07,left,100,75.211,88.169,left,100,76.338,96.338,right,100,100,87.324,left,88.451,87.746,97.887,right,85.634,74.085,87.746,left,100,98.732,85.211,left,66.338,74.93,93.662,right,99.437,67.465,56.479,right,81.831,78.451,93.38,left,100,80.845,95.493,left,98.873,77.465,91.831,left,100,100,96.479,left,73.521,77.746,91.268,right,83.38,86.056,92.676,right,99.296,97.183,89.437,right,92.254,100,95.915,left,80.563,70.704,89.014,right,71.268,78.732,91.69,right,100,84.507,95.775,right,77.324,98.732,93.239,left,72.535,89.577,77.606,left,96.056,55.775,88.873,left,78.169,80,96.901,left,84.93,87.465,95.634,Female,,28,No,White/Caucasian,,4 year degree,Yes,,the ball,UpwardFirst,304235
8/4/20 12:41,8/4/20 13:19,IP Address,,100,2270,TRUE,8/4/20 13:19,R_1DNGaUn2FErFOTy,,,,,,,anonymous,EN,ACCEPT HIT,Think about/visualize how ${e://Field/Condition} just moved.,,Think about/visualize whether ${e://Field/Condition}'s movement caused the ball to score or not score.,Think about/visualize what would have happened if ${e://Field/Condition} had moved in the other direction.,Think about/visualize what would have happened if ${e://Field/Condition} had moved in the other direction.,Think about/visualize whether ${e://Field/Condition}'s movement caused the ball to score or not score.,IM_74Ef0wh1bD6qdZb,right,70.423,71.127,64.507,right,72.394,76.197,66.901,right,69.859,68.732,72.676,left,75.634,71.268,80.563,left,62.817,66.056,85.07,left,65.493,68.451,74.789,right,71.972,72.113,79.718,left,61.549,69.014,71.549,left,69.577,70.563,82.535,left,73.38,76.479,70.141,right,66.901,72.958,80.563,left,72.394,66.901,80.423,left,72.817,66.761,74.648,left,78.873,74.225,84.507,left,85.915,67.887,78.451,right,73.38,71.268,77.887,right,76.62,69.718,80.282,right,70,67.887,76.761,right,70.563,69.859,80.282,right,69.296,70.563,78.028,left,76.901,68.169,76.479,left,71.127,70,79.437,right,77.887,63.239,70.845,right,71.69,72.394,82.817,right,76.338,68.592,81.549,right,74.225,60.986,67.465,left,70,66.197,73.803,right,70.141,69.859,80.282,right,73.662,74.648,71.972,left,75.775,66.197,76.056,left,61.69,58.873,62.394,left,77.606,61.408,67.606,right,75.211,59.155,65.634,right,64.648,72.676,81.127,left,73.662,66.056,68.873,right,70.704,70.141,80.282,right,65.915,64.225,77.465,left,82.676,70.845,79.718,right,71.549,72.394,82.254,right,66.479,66.338,76.056,left,67.042,69.155,77.324,right,76.197,72.817,74.366,right,75.915,69.859,79.718,right,77.465,65.915,76.056,right,77.324,73.38,80.423,right,78.451,68.873,77.324,right,73.239,70,80.845,left,68.451,69.014,78.592,Male,,30,Yes,Black/African American,,4 year degree,"No, I was distracted",like,the goalie,UpwardFirst,756898
8/4/20 13:15,8/4/20 13:44,IP Address,,100,1779,TRUE,8/4/20 13:44,R_21HQsEWlc8a3Iu9,,,,,,,anonymous,EN,ACCEPT HIT,Think about/visualize how ${e://Field/Condition} just moved.,,Think about/visualize what would have happened if ${e://Field/Condition} had moved in the other direction.,,Think about/visualize whether ${e://Field/Condition}'s movement caused the ball to score or not score.,,IM_74Ef0wh1bD6qdZb,left,87.183,79.014,85.634,left,84.507,70.141,73.239,right,84.085,72.958,50,right,88.31,80.141,92.958,right,89.859,87.465,75.211,left,75.211,79.296,88.31,right,50,76.338,68.028,left,78.169,89.155,79.437,right,88.873,75.775,78.451,left,41.69,65.493,45.634,right,87.324,92.958,86.761,left,80.141,89.014,84.085,right,86.62,84.225,80.704,right,84.225,90.141,81.972,right,85.915,85.634,98.873,left,50,77.324,88.451,right,87.606,50,89.155,right,88.31,100,78.873,left,50,89.155,100,left,100,97.042,99.859,left,89.577,86.197,98.732,right,91.831,88.592,91.549,left,86.338,86.338,73.944,right,88.169,88.451,82.817,right,88.873,84.93,50,right,83.099,83.944,93.239,left,84.789,88.169,50,right,95.211,84.648,97.606,left,94.225,87.324,74.507,right,89.155,85.07,96.056,right,87.324,94.366,50,left,89.296,96.479,88.169,right,93.521,86.197,83.944,left,82.394,91.549,91.127,left,81.972,100,93.662,right,80.282,85.211,92.113,right,84.085,74.085,93.239,right,91.408,91.268,97.324,right,88.31,86.901,96.338,left,86.761,85.493,98.169,right,44.366,69.718,76.761,right,81.972,79.577,95.775,left,85.775,83.803,94.648,left,80.282,79.296,71.549,left,82.394,82.958,95.211,right,63.803,80.845,73.099,left,50,87.465,90.423,right,43.662,63.803,77.183,Female,,55,Yes,Black/African American,,Professional degree,Yes,,the ball,DownwardFirst,567481
8/4/20 13:34,8/4/20 14:22,IP Address,,100,2883,TRUE,8/4/20 14:22,R_PSTC2ZVjU7R1YDD,,,,,,,anonymous,EN,ACCEPT HIT,Think about/visualize what would have happened if ${e://Field/Condition} had moved in the other direction.,Think about/visualize whether ${e://Field/Condition}'s movement caused the ball to score or not score.,Think about/visualize how ${e://Field/Condition} just moved.,I don't know.,Think about/visualize what would have happened if ${e://Field/Condition} had moved in the other direction.,Think about/visualize what would have happened if ${e://Field/Condition} had moved in the other direction,IM_74Ef0wh1bD6qdZb,right,100,92.394,92.817,right,100,90,98.31,right,100,100,94.085,right,94.648,93.239,75.775,right,98.732,82.535,95.352,right,100,99.296,91.69,right,89.718,82.676,84.648,left,91.69,95.493,81.408,right,95.07,78.169,81.268,right,100,87.606,100,right,100,72.817,84.789,right,83.099,89.296,95.915,right,90.704,80.141,90.704,right,89.577,84.507,93.239,right,90.986,79.577,89.718,right,100,91.831,91.408,right,93.521,88.592,90.141,right,78.451,86.197,96.479,right,91.268,76.901,80.986,right,96.62,82.958,87.887,right,89.577,85.07,88.028,right,96.479,92.958,94.225,right,93.662,95.915,90.704,right,100,75.915,78.592,right,87.183,82.958,100,right,98.451,90.563,91.831,right,88.873,82.113,84.507,right,96.901,88.592,94.366,right,97.887,90.563,92.676,right,92.254,84.085,100,right,96.338,93.662,100,right,97.042,88.873,91.408,right,100,88.028,93.38,right,95.775,91.69,92.535,right,91.549,84.366,92.817,right,91.972,91.972,87.465,right,93.38,74.93,78.732,right,76.197,73.099,76.197,right,75.352,71.972,78.31,right,98.732,86.056,88.028,right,91.972,88.873,98.592,right,91.831,98.169,94.648,right,99.718,88.732,96.479,right,80.845,82.254,78.732,right,65.634,70.563,82.113,right,76.338,79.718,79.014,right,84.789,86.197,85.211,right,83.38,73.38,75.352,Male,,34,Yes,Black/African American,,Professional degree,Yes,good,the ball,UpwardFirst,983313